ÊÐ³¡´úÂë,ºÏÔ¼´úÂë,Ê±¼ä,×îÐÂ,³Ö²Ö,Ôö²Ö,³É½»¶î,³É½»Á¿,¿ª²Ö,Æ½²Ö,³É½»ÀàÐÍ,·½Ïò,ÂòÒ»¼Û,Âò¶þ¼Û,ÂòÈý¼Û,ÂòËÄ¼Û,ÂòÎå¼Û,ÂôÒ»¼Û,Âô¶þ¼Û,ÂôÈý¼Û,ÂôËÄ¼Û,ÂôÎå¼Û,ÂòÒ»Á¿,Âò¶þÁ¿,ÂòÈýÁ¿,ÂòËÄÁ¿,ÂòÎåÁ¿,ÂôÒ»Á¿,Âô¶þÁ¿,ÂôÈýÁ¿,ÂôËÄÁ¿,ÂôÎåÁ¿
zc,ER207,2012-06-27 07:43:55.427,0.0000,6,0,0.0000,0.0000,0,0,¿Õ»»,S,0.0000,0.0000,0.0000,0.0000,0.0000,0.0000,0.0000,0.0000,0.0000,0.0000,0,0,0,0,0,0,0,0,0,0
zc,ER207,2012-06-27 07:43:56.427,0.0000,6,0,0.0000,0.0000,0,0,¿Õ»»,S,0.0000,0.0000,0.0000,0.0000,0.0000,0.0000,0.0000,0.0000,0.0000,0.0000,0,0,0,0,0,0,0,0,0,0
zc,ER207,2012-06-27 07:44:56.427,0.0000,6,0,0.0000,0.0000,0,0,¿Õ»»,S,0.0000,0.0000,0.0000,0.0000,0.0000,0.0000,0.0000,0.0000,0.0000,0.0000,0,0,0,0,0,0,0,0,0,0
zc,ER207,2012-06-27 07:45:56.427,0.0000,6,0,0.0000,0.0000,0,0,¿Õ»»,S,0.0000,0.0000,0.0000,0.0000,0.0000,0.0000,0.0000,0.0000,0.0000,0.0000,0,0,0,0,0,0,0,0,0,0
zc,ER207,2012-06-27 07:46:56.427,0.0000,6,0,0.0000,0.0000,0,0,¿Õ»»,S,0.0000,0.0000,0.0000,0.0000,0.0000,0.0000,0.0000,0.0000,0.0000,0.0000,0,0,0,0,0,0,0,0,0,0
zc,ER207,2012-06-27 07:47:56.427,0.0000,6,0,0.0000,0.0000,0,0,¿Õ»»,S,0.0000,0.0000,0.0000,0.0000,0.0000,0.0000,0.0000,0.0000,0.0000,0.0000,0,0,0,0,0,0,0,0,0,0
zc,ER207,2012-06-27 07:48:56.427,0.0000,6,0,0.0000,0.0000,0,0,¿Õ»»,S,0.0000,0.0000,0.0000,0.0000,0.0000,0.0000,0.0000,0.0000,0.0000,0.0000,0,0,0,0,0,0,0,0,0,0
zc,ER207,2012-06-27 07:49:56.427,0.0000,6,0,0.0000,0.0000,0,0,¿Õ»»,S,0.0000,0.0000,0.0000,0.0000,0.0000,0.0000,0.0000,0.0000,0.0000,0.0000,0,0,0,0,0,0,0,0,0,0
zc,ER207,2012-06-27 07:50:56.427,0.0000,6,0,0.0000,0.0000,0,0,¿Õ»»,S,0.0000,0.0000,0.0000,0.0000,0.0000,0.0000,0.0000,0.0000,0.0000,0.0000,0,0,0,0,0,0,0,0,0,0
zc,ER207,2012-06-27 07:51:56.427,0.0000,6,0,0.0000,0.0000,0,0,¿Õ»»,S,0.0000,0.0000,0.0000,0.0000,0.0000,0.0000,0.0000,0.0000,0.0000,0.0000,0,0,0,0,0,0,0,0,0,0
zc,ER207,2012-06-27 07:52:56.427,0.0000,6,0,0.0000,0.0000,0,0,¿Õ»»,S,0.0000,0.0000,0.0000,0.0000,0.0000,0.0000,0.0000,0.0000,0.0000,0.0000,0,0,0,0,0,0,0,0,0,0
zc,ER207,2012-06-27 07:53:58.473,0.0000,6,0,0.0000,0.0000,0,0,¿Õ»»,S,0.0000,0.0000,0.0000,0.0000,0.0000,0.0000,0.0000,0.0000,0.0000,0.0000,0,0,0,0,0,0,0,0,0,0
zc,ER207,2012-06-27 07:54:57.737,0.0000,6,0,0.0000,0.0000,0,0,¿Õ»»,S,0.0000,0.0000,0.0000,0.0000,0.0000,0.0000,0.0000,0.0000,0.0000,0.0000,0,0,0,0,0,0,0,0,0,0
zc,ER207,2012-06-27 07:55:57.723,0.0000,6,0,0.0000,0.0000,0,0,¿Õ»»,S,0.0000,0.0000,0.0000,0.0000,0.0000,0.0000,0.0000,0.0000,0.0000,0.0000,0,0,0,0,0,0,0,0,0,0
zc,ER207,2012-06-27 07:56:57.723,0.0000,6,0,0.0000,0.0000,0,0,¿Õ»»,S,0.0000,0.0000,0.0000,0.0000,0.0000,0.0000,0.0000,0.0000,0.0000,0.0000,0,0,0,0,0,0,0,0,0,0
zc,ER207,2012-06-27 07:57:57.723,0.0000,6,0,0.0000,0.0000,0,0,¿Õ»»,S,0.0000,0.0000,0.0000,0.0000,0.0000,0.0000,0.0000,0.0000,0.0000,0.0000,0,0,0,0,0,0,0,0,0,0
zc,ER207,2012-06-27 07:58:57.723,0.0000,6,0,0.0000,0.0000,0,0,¿Õ»»,S,0.0000,0.0000,0.0000,0.0000,0.0000,0.0000,0.0000,0.0000,0.0000,0.0000,0,0,0,0,0,0,0,0,0,0
zc,ER207,2012-06-27 07:59:57.723,0.0000,6,0,0.0000,0.0000,0,0,¿Õ»»,S,0.0000,0.0000,0.0000,0.0000,0.0000,0.0000,0.0000,0.0000,0.0000,0.0000,0,0,0,0,0,0,0,0,0,0
zc,ER207,2012-06-27 08:00:57.723,0.0000,6,0,0.0000,0.0000,0,0,¿Õ»»,S,0.0000,0.0000,0.0000,0.0000,0.0000,0.0000,0.0000,0.0000,0.0000,0.0000,0,0,0,0,0,0,0,0,0,0
zc,ER207,2012-06-27 08:01:57.723,0.0000,6,0,0.0000,0.0000,0,0,¿Õ»»,S,0.0000,0.0000,0.0000,0.0000,0.0000,0.0000,0.0000,0.0000,0.0000,0.0000,0,0,0,0,0,0,0,0,0,0
zc,ER207,2012-06-27 08:02:57.723,0.0000,6,0,0.0000,0.0000,0,0,¿Õ»»,S,0.0000,0.0000,0.0000,0.0000,0.0000,0.0000,0.0000,0.0000,0.0000,0.0000,0,0,0,0,0,0,0,0,0,0
zc,ER207,2012-06-27 08:03:57.723,0.0000,6,0,0.0000,0.0000,0,0,¿Õ»»,S,0.0000,0.0000,0.0000,0.0000,0.0000,0.0000,0.0000,0.0000,0.0000,0.0000,0,0,0,0,0,0,0,0,0,0
zc,ER207,2012-06-27 08:04:57.723,0.0000,6,0,0.0000,0.0000,0,0,¿Õ»»,S,0.0000,0.0000,0.0000,0.0000,0.0000,0.0000,0.0000,0.0000,0.0000,0.0000,0,0,0,0,0,0,0,0,0,0
zc,ER207,2012-06-27 08:05:57.723,0.0000,6,0,0.0000,0.0000,0,0,¿Õ»»,S,0.0000,0.0000,0.0000,0.0000,0.0000,0.0000,0.0000,0.0000,0.0000,0.0000,0,0,0,0,0,0,0,0,0,0
zc,ER207,2012-06-27 08:06:57.723,0.0000,6,0,0.0000,0.0000,0,0,¿Õ»»,S,0.0000,0.0000,0.0000,0.0000,0.0000,0.0000,0.0000,0.0000,0.0000,0.0000,0,0,0,0,0,0,0,0,0,0
zc,ER207,2012-06-27 08:07:57.737,0.0000,6,0,0.0000,0.0000,0,0,¿Õ»»,S,0.0000,0.0000,0.0000,0.0000,0.0000,0.0000,0.0000,0.0000,0.0000,0.0000,0,0,0,0,0,0,0,0,0,0
zc,ER207,2012-06-27 08:08:57.737,0.0000,6,0,0.0000,0.0000,0,0,¿Õ»»,S,0.0000,0.0000,0.0000,0.0000,0.0000,0.0000,0.0000,0.0000,0.0000,0.0000,0,0,0,0,0,0,0,0,0,0
zc,ER207,2012-06-27 08:09:57.737,0.0000,6,0,0.0000,0.0000,0,0,¿Õ»»,S,0.0000,0.0000,0.0000,0.0000,0.0000,0.0000,0.0000,0.0000,0.0000,0.0000,0,0,0,0,0,0,0,0,0,0
zc,ER207,2012-06-27 08:10:57.723,0.0000,6,0,0.0000,0.0000,0,0,¿Õ»»,S,0.0000,0.0000,0.0000,0.0000,0.0000,0.0000,0.0000,0.0000,0.0000,0.0000,0,0,0,0,0,0,0,0,0,0
zc,ER207,2012-06-27 08:11:57.723,0.0000,6,0,0.0000,0.0000,0,0,¿Õ»»,S,0.0000,0.0000,0.0000,0.0000,0.0000,0.0000,0.0000,0.0000,0.0000,0.0000,0,0,0,0,0,0,0,0,0,0
zc,ER207,2012-06-27 08:12:57.723,0.0000,6,0,0.0000,0.0000,0,0,¿Õ»»,S,0.0000,0.0000,0.0000,0.0000,0.0000,0.0000,0.0000,0.0000,0.0000,0.0000,0,0,0,0,0,0,0,0,0,0
zc,ER207,2012-06-27 08:13:57.737,0.0000,6,0,0.0000,0.0000,0,0,¿Õ»»,S,0.0000,0.0000,0.0000,0.0000,0.0000,0.0000,0.0000,0.0000,0.0000,0.0000,0,0,0,0,0,0,0,0,0,0
zc,ER207,2012-06-27 08:14:57.737,0.0000,6,0,0.0000,0.0000,0,0,¿Õ»»,S,0.0000,0.0000,0.0000,0.0000,0.0000,0.0000,0.0000,0.0000,0.0000,0.0000,0,0,0,0,0,0,0,0,0,0
zc,ER207,2012-06-27 08:15:57.737,0.0000,6,0,0.0000,0.0000,0,0,¿Õ»»,S,0.0000,0.0000,0.0000,0.0000,0.0000,0.0000,0.0000,0.0000,0.0000,0.0000,0,0,0,0,0,0,0,0,0,0
zc,ER207,2012-06-27 08:16:57.737,0.0000,6,0,0.0000,0.0000,0,0,¿Õ»»,S,0.0000,0.0000,0.0000,0.0000,0.0000,0.0000,0.0000,0.0000,0.0000,0.0000,0,0,0,0,0,0,0,0,0,0
zc,ER207,2012-06-27 08:17:57.737,0.0000,6,0,0.0000,0.0000,0,0,¿Õ»»,S,0.0000,0.0000,0.0000,0.0000,0.0000,0.0000,0.0000,0.0000,0.0000,0.0000,0,0,0,0,0,0,0,0,0,0
zc,ER207,2012-06-27 08:18:57.737,0.0000,6,0,0.0000,0.0000,0,0,¿Õ»»,S,0.0000,0.0000,0.0000,0.0000,0.0000,0.0000,0.0000,0.0000,0.0000,0.0000,0,0,0,0,0,0,0,0,0,0
zc,ER207,2012-06-27 08:19:57.737,0.0000,6,0,0.0000,0.0000,0,0,¿Õ»»,S,0.0000,0.0000,0.0000,0.0000,0.0000,0.0000,0.0000,0.0000,0.0000,0.0000,0,0,0,0,0,0,0,0,0,0
zc,ER207,2012-06-27 08:20:57.737,0.0000,6,0,0.0000,0.0000,0,0,¿Õ»»,S,0.0000,0.0000,0.0000,0.0000,0.0000,0.0000,0.0000,0.0000,0.0000,0.0000,0,0,0,0,0,0,0,0,0,0
zc,ER207,2012-06-27 08:21:57.737,0.0000,6,0,0.0000,0.0000,0,0,¿Õ»»,S,0.0000,0.0000,0.0000,0.0000,0.0000,0.0000,0.0000,0.0000,0.0000,0.0000,0,0,0,0,0,0,0,0,0,0
zc,ER207,2012-06-27 08:22:57.737,0.0000,6,0,0.0000,0.0000,0,0,¿Õ»»,S,0.0000,0.0000,0.0000,0.0000,0.0000,0.0000,0.0000,0.0000,0.0000,0.0000,0,0,0,0,0,0,0,0,0,0
zc,ER207,2012-06-27 08:23:16.533,0.0000,6,0,0.0000,0.0000,0,0,¿Õ»»,S,0.0000,0.0000,0.0000,0.0000,0.0000,0.0000,0.0000,0.0000,0.0000,0.0000,0,0,0,0,0,0,0,0,0,0
zc,ER207,2012-06-27 08:24:13.533,0.0000,6,0,0.0000,0.0000,0,0,¿Õ»»,S,0.0000,0.0000,0.0000,0.0000,0.0000,0.0000,0.0000,0.0000,0.0000,0.0000,0,0,0,0,0,0,0,0,0,0
zc,ER207,2012-06-27 08:25:13.533,0.0000,6,0,0.0000,0.0000,0,0,¿Õ»»,S,0.0000,0.0000,0.0000,0.0000,0.0000,0.0000,0.0000,0.0000,0.0000,0.0000,0,0,0,0,0,0,0,0,0,0
zc,ER207,2012-06-27 08:26:13.520,0.0000,6,0,0.0000,0.0000,0,0,¿Õ»»,S,0.0000,0.0000,0.0000,0.0000,0.0000,0.0000,0.0000,0.0000,0.0000,0.0000,0,0,0,0,0,0,0,0,0,0
zc,ER207,2012-06-27 08:27:13.520,0.0000,6,0,0.0000,0.0000,0,0,¿Õ»»,S,0.0000,0.0000,0.0000,0.0000,0.0000,0.0000,0.0000,0.0000,0.0000,0.0000,0,0,0,0,0,0,0,0,0,0
zc,ER207,2012-06-27 08:28:13.520,0.0000,6,0,0.0000,0.0000,0,0,¿Õ»»,S,0.0000,0.0000,0.0000,0.0000,0.0000,0.0000,0.0000,0.0000,0.0000,0.0000,0,0,0,0,0,0,0,0,0,0
zc,ER207,2012-06-27 08:29:13.520,0.0000,6,0,0.0000,0.0000,0,0,¿Õ»»,S,0.0000,0.0000,0.0000,0.0000,0.0000,0.0000,0.0000,0.0000,0.0000,0.0000,0,0,0,0,0,0,0,0,0,0
zc,ER207,2012-06-27 08:30:13.520,0.0000,6,0,0.0000,0.0000,0,0,¿Õ»»,S,0.0000,0.0000,0.0000,0.0000,0.0000,0.0000,0.0000,0.0000,0.0000,0.0000,0,0,0,0,0,0,0,0,0,0
zc,ER207,2012-06-27 08:31:13.520,0.0000,6,0,0.0000,0.0000,0,0,¿Õ»»,S,0.0000,0.0000,0.0000,0.0000,0.0000,0.0000,0.0000,0.0000,0.0000,0.0000,0,0,0,0,0,0,0,0,0,0
zc,ER207,2012-06-27 08:32:13.520,0.0000,6,0,0.0000,0.0000,0,0,¿Õ»»,S,0.0000,0.0000,0.0000,0.0000,0.0000,0.0000,0.0000,0.0000,0.0000,0.0000,0,0,0,0,0,0,0,0,0,0
zc,ER207,2012-06-27 08:33:13.520,0.0000,6,0,0.0000,0.0000,0,0,¿Õ»»,S,0.0000,0.0000,0.0000,0.0000,0.0000,0.0000,0.0000,0.0000,0.0000,0.0000,0,0,0,0,0,0,0,0,0,0
zc,ER207,2012-06-27 08:34:13.520,0.0000,6,0,0.0000,0.0000,0,0,¿Õ»»,S,0.0000,0.0000,0.0000,0.0000,0.0000,0.0000,0.0000,0.0000,0.0000,0.0000,0,0,0,0,0,0,0,0,0,0
zc,ER207,2012-06-27 08:35:13.520,0.0000,6,0,0.0000,0.0000,0,0,¿Õ»»,S,0.0000,0.0000,0.0000,0.0000,0.0000,0.0000,0.0000,0.0000,0.0000,0.0000,0,0,0,0,0,0,0,0,0,0
zc,ER207,2012-06-27 08:36:13.520,0.0000,6,0,0.0000,0.0000,0,0,¿Õ»»,S,0.0000,0.0000,0.0000,0.0000,0.0000,0.0000,0.0000,0.0000,0.0000,0.0000,0,0,0,0,0,0,0,0,0,0
zc,ER207,2012-06-27 08:37:13.520,0.0000,6,0,0.0000,0.0000,0,0,¿Õ»»,S,0.0000,0.0000,0.0000,0.0000,0.0000,0.0000,0.0000,0.0000,0.0000,0.0000,0,0,0,0,0,0,0,0,0,0
zc,ER207,2012-06-27 08:38:13.520,0.0000,6,0,0.0000,0.0000,0,0,¿Õ»»,S,0.0000,0.0000,0.0000,0.0000,0.0000,0.0000,0.0000,0.0000,0.0000,0.0000,0,0,0,0,0,0,0,0,0,0
zc,ER207,2012-06-27 08:39:13.520,0.0000,6,0,0.0000,0.0000,0,0,¿Õ»»,S,0.0000,0.0000,0.0000,0.0000,0.0000,0.0000,0.0000,0.0000,0.0000,0.0000,0,0,0,0,0,0,0,0,0,0
zc,ER207,2012-06-27 08:40:13.533,0.0000,6,0,0.0000,0.0000,0,0,¿Õ»»,S,0.0000,0.0000,0.0000,0.0000,0.0000,0.0000,0.0000,0.0000,0.0000,0.0000,0,0,0,0,0,0,0,0,0,0
zc,ER207,2012-06-27 08:41:13.533,0.0000,6,0,0.0000,0.0000,0,0,¿Õ»»,S,0.0000,0.0000,0.0000,0.0000,0.0000,0.0000,0.0000,0.0000,0.0000,0.0000,0,0,0,0,0,0,0,0,0,0
zc,ER207,2012-06-27 08:42:13.533,0.0000,6,0,0.0000,0.0000,0,0,¿Õ»»,S,0.0000,0.0000,0.0000,0.0000,0.0000,0.0000,0.0000,0.0000,0.0000,0.0000,0,0,0,0,0,0,0,0,0,0
zc,ER207,2012-06-27 08:43:13.520,0.0000,6,0,0.0000,0.0000,0,0,¿Õ»»,S,0.0000,0.0000,0.0000,0.0000,0.0000,0.0000,0.0000,0.0000,0.0000,0.0000,0,0,0,0,0,0,0,0,0,0
zc,ER207,2012-06-27 08:44:13.520,0.0000,6,0,0.0000,0.0000,0,0,¿Õ»»,S,0.0000,0.0000,0.0000,0.0000,0.0000,0.0000,0.0000,0.0000,0.0000,0.0000,0,0,0,0,0,0,0,0,0,0
zc,ER207,2012-06-27 08:45:13.520,0.0000,6,0,0.0000,0.0000,0,0,¿Õ»»,S,0.0000,0.0000,0.0000,0.0000,0.0000,0.0000,0.0000,0.0000,0.0000,0.0000,0,0,0,0,0,0,0,0,0,0
zc,ER207,2012-06-27 08:46:13.520,0.0000,6,0,0.0000,0.0000,0,0,¿Õ»»,S,0.0000,0.0000,0.0000,0.0000,0.0000,0.0000,0.0000,0.0000,0.0000,0.0000,0,0,0,0,0,0,0,0,0,0
zc,ER207,2012-06-27 08:47:13.520,0.0000,6,0,0.0000,0.0000,0,0,¿Õ»»,S,0.0000,0.0000,0.0000,0.0000,0.0000,0.0000,0.0000,0.0000,0.0000,0.0000,0,0,0,0,0,0,0,0,0,0
zc,ER207,2012-06-27 08:48:13.520,0.0000,6,0,0.0000,0.0000,0,0,¿Õ»»,S,0.0000,0.0000,0.0000,0.0000,0.0000,0.0000,0.0000,0.0000,0.0000,0.0000,0,0,0,0,0,0,0,0,0,0
zc,ER207,2012-06-27 08:49:13.520,0.0000,6,0,0.0000,0.0000,0,0,¿Õ»»,S,0.0000,0.0000,0.0000,0.0000,0.0000,0.0000,0.0000,0.0000,0.0000,0.0000,0,0,0,0,0,0,0,0,0,0
zc,ER207,2012-06-27 08:50:13.520,0.0000,6,0,0.0000,0.0000,0,0,¿Õ»»,S,0.0000,0.0000,0.0000,0.0000,0.0000,0.0000,0.0000,0.0000,0.0000,0.0000,0,0,0,0,0,0,0,0,0,0
zc,ER207,2012-06-27 08:51:13.520,0.0000,6,0,0.0000,0.0000,0,0,¿Õ»»,S,0.0000,0.0000,0.0000,0.0000,0.0000,0.0000,0.0000,0.0000,0.0000,0.0000,0,0,0,0,0,0,0,0,0,0
zc,ER207,2012-06-27 08:52:13.533,0.0000,6,0,0.0000,0.0000,0,0,¿Õ»»,S,0.0000,0.0000,0.0000,0.0000,0.0000,0.0000,0.0000,0.0000,0.0000,0.0000,0,0,0,0,0,0,0,0,0,0
zc,ER207,2012-06-27 08:53:13.533,0.0000,6,0,0.0000,0.0000,0,0,¿Õ»»,S,0.0000,0.0000,0.0000,0.0000,0.0000,0.0000,0.0000,0.0000,0.0000,0.0000,0,0,0,0,0,0,0,0,0,0
zc,ER207,2012-06-27 08:54:13.533,0.0000,6,0,0.0000,0.0000,0,0,¿Õ»»,S,0.0000,0.0000,0.0000,0.0000,0.0000,0.0000,0.0000,0.0000,0.0000,0.0000,0,0,0,0,0,0,0,0,0,0
zc,ER207,2012-06-27 08:55:13.533,0.0000,6,0,0.0000,0.0000,0,0,¿Õ»»,S,0.0000,0.0000,0.0000,0.0000,0.0000,0.0000,0.0000,0.0000,0.0000,0.0000,0,0,0,0,0,0,0,0,0,0
zc,ER207,2012-06-27 08:56:13.533,0.0000,6,0,0.0000,0.0000,0,0,¿Õ»»,S,0.0000,0.0000,0.0000,0.0000,0.0000,0.0000,0.0000,0.0000,0.0000,0.0000,0,0,0,0,0,0,0,0,0,0
zc,ER207,2012-06-27 08:57:13.533,0.0000,6,0,0.0000,0.0000,0,0,¿Õ»»,S,0.0000,0.0000,0.0000,0.0000,0.0000,0.0000,0.0000,0.0000,0.0000,0.0000,0,0,0,0,0,0,0,0,0,0
zc,ER207,2012-06-27 08:58:13.533,0.0000,6,0,0.0000,0.0000,0,0,¿Õ»»,S,0.0000,0.0000,0.0000,0.0000,0.0000,0.0000,0.0000,0.0000,0.0000,0.0000,0,0,0,0,0,0,0,0,0,0
zc,ER207,2012-06-27 08:59:13.520,0.0000,6,0,0.0000,0.0000,0,0,¿Õ»»,S,0.0000,0.0000,0.0000,0.0000,0.0000,0.0000,0.0000,0.0000,0.0000,0.0000,0,0,0,0,0,0,0,0,0,0
zc,ER207,2012-06-27 09:00:13.520,0.0000,6,0,0.0000,0.0000,0,0,¿Õ»»,S,0.0000,0.0000,0.0000,0.0000,0.0000,0.0000,0.0000,0.0000,0.0000,0.0000,0,0,0,0,0,0,0,0,0,0
zc,ER207,2012-06-27 09:01:13.533,0.0000,6,0,0.0000,0.0000,0,0,¿Õ»»,S,0.0000,0.0000,0.0000,0.0000,0.0000,0.0000,0.0000,0.0000,0.0000,0.0000,0,0,0,0,0,0,0,0,0,0
zc,ER207,2012-06-27 09:02:13.533,0.0000,6,0,0.0000,0.0000,0,0,¿Õ»»,S,0.0000,0.0000,0.0000,0.0000,0.0000,0.0000,0.0000,0.0000,0.0000,0.0000,0,0,0,0,0,0,0,0,0,0
zc,ER207,2012-06-27 09:03:13.533,0.0000,6,0,0.0000,0.0000,0,0,¿Õ»»,S,0.0000,0.0000,0.0000,0.0000,0.0000,0.0000,0.0000,0.0000,0.0000,0.0000,0,0,0,0,0,0,0,0,0,0
zc,ER207,2012-06-27 09:04:13.533,0.0000,6,0,0.0000,0.0000,0,0,¿Õ»»,S,0.0000,0.0000,0.0000,0.0000,0.0000,0.0000,0.0000,0.0000,0.0000,0.0000,0,0,0,0,0,0,0,0,0,0
zc,ER207,2012-06-27 09:04:46.520,0.0000,6,0,0.0000,0.0000,0,0,¿Õ»»,S,2650.0000,0.0000,0.0000,0.0000,0.0000,0.0000,0.0000,0.0000,0.0000,0.0000,2,0,0,0,0,0,0,0,0,0
zc,ER207,2012-06-27 09:05:13.533,0.0000,6,0,0.0000,0.0000,0,0,¿Õ»»,S,2650.0000,0.0000,0.0000,0.0000,0.0000,0.0000,0.0000,0.0000,0.0000,0.0000,2,0,0,0,0,0,0,0,0,0
zc,ER207,2012-06-27 09:06:13.533,0.0000,6,0,0.0000,0.0000,0,0,¿Õ»»,S,2650.0000,0.0000,0.0000,0.0000,0.0000,0.0000,0.0000,0.0000,0.0000,0.0000,2,0,0,0,0,0,0,0,0,0
zc,ER207,2012-06-27 09:07:13.533,0.0000,6,0,0.0000,0.0000,0,0,¿Õ»»,S,2650.0000,0.0000,0.0000,0.0000,0.0000,0.0000,0.0000,0.0000,0.0000,0.0000,2,0,0,0,0,0,0,0,0,0
zc,ER207,2012-06-27 09:08:13.533,0.0000,6,0,0.0000,0.0000,0,0,¿Õ»»,S,2650.0000,0.0000,0.0000,0.0000,0.0000,0.0000,0.0000,0.0000,0.0000,0.0000,2,0,0,0,0,0,0,0,0,0
zc,ER207,2012-06-27 09:09:13.533,0.0000,6,0,0.0000,0.0000,0,0,¿Õ»»,S,2650.0000,0.0000,0.0000,0.0000,0.0000,0.0000,0.0000,0.0000,0.0000,0.0000,2,0,0,0,0,0,0,0,0,0
zc,ER207,2012-06-27 09:10:13.533,0.0000,6,0,0.0000,0.0000,0,0,¿Õ»»,S,2650.0000,0.0000,0.0000,0.0000,0.0000,0.0000,0.0000,0.0000,0.0000,0.0000,2,0,0,0,0,0,0,0,0,0
zc,ER207,2012-06-27 09:11:13.533,0.0000,6,0,0.0000,0.0000,0,0,¿Õ»»,S,2650.0000,0.0000,0.0000,0.0000,0.0000,0.0000,0.0000,0.0000,0.0000,0.0000,2,0,0,0,0,0,0,0,0,0
zc,ER207,2012-06-27 09:12:13.533,0.0000,6,0,0.0000,0.0000,0,0,¿Õ»»,S,2650.0000,0.0000,0.0000,0.0000,0.0000,0.0000,0.0000,0.0000,0.0000,0.0000,2,0,0,0,0,0,0,0,0,0
zc,ER207,2012-06-27 09:13:13.533,0.0000,6,0,0.0000,0.0000,0,0,¿Õ»»,S,2650.0000,0.0000,0.0000,0.0000,0.0000,0.0000,0.0000,0.0000,0.0000,0.0000,2,0,0,0,0,0,0,0,0,0
zc,ER207,2012-06-27 09:14:13.533,0.0000,6,0,0.0000,0.0000,0,0,¿Õ»»,S,2650.0000,0.0000,0.0000,0.0000,0.0000,0.0000,0.0000,0.0000,0.0000,0.0000,2,0,0,0,0,0,0,0,0,0
zc,ER207,2012-06-27 09:15:13.520,0.0000,6,0,0.0000,0.0000,0,0,¿Õ»»,S,2650.0000,0.0000,0.0000,0.0000,0.0000,0.0000,0.0000,0.0000,0.0000,0.0000,2,0,0,0,0,0,0,0,0,0
zc,ER207,2012-06-27 09:16:13.533,0.0000,6,0,0.0000,0.0000,0,0,¿Õ»»,S,2650.0000,0.0000,0.0000,0.0000,0.0000,0.0000,0.0000,0.0000,0.0000,0.0000,2,0,0,0,0,0,0,0,0,0
zc,ER207,2012-06-27 09:17:13.520,0.0000,6,0,0.0000,0.0000,0,0,¿Õ»»,S,2650.0000,0.0000,0.0000,0.0000,0.0000,0.0000,0.0000,0.0000,0.0000,0.0000,2,0,0,0,0,0,0,0,0,0
zc,ER207,2012-06-27 09:18:13.533,0.0000,6,0,0.0000,0.0000,0,0,¿Õ»»,S,2650.0000,0.0000,0.0000,0.0000,0.0000,0.0000,0.0000,0.0000,0.0000,0.0000,2,0,0,0,0,0,0,0,0,0
zc,ER207,2012-06-27 09:19:13.533,0.0000,6,0,0.0000,0.0000,0,0,¿Õ»»,S,2650.0000,0.0000,0.0000,0.0000,0.0000,0.0000,0.0000,0.0000,0.0000,0.0000,2,0,0,0,0,0,0,0,0,0
zc,ER207,2012-06-27 09:20:13.533,0.0000,6,0,0.0000,0.0000,0,0,¿Õ»»,S,2650.0000,0.0000,0.0000,0.0000,0.0000,0.0000,0.0000,0.0000,0.0000,0.0000,2,0,0,0,0,0,0,0,0,0
zc,ER207,2012-06-27 09:21:13.533,0.0000,6,0,0.0000,0.0000,0,0,¿Õ»»,S,2650.0000,0.0000,0.0000,0.0000,0.0000,0.0000,0.0000,0.0000,0.0000,0.0000,2,0,0,0,0,0,0,0,0,0
zc,ER207,2012-06-27 09:22:13.533,0.0000,6,0,0.0000,0.0000,0,0,¿Õ»»,S,2650.0000,0.0000,0.0000,0.0000,0.0000,0.0000,0.0000,0.0000,0.0000,0.0000,2,0,0,0,0,0,0,0,0,0
zc,ER207,2012-06-27 09:23:13.533,0.0000,6,0,0.0000,0.0000,0,0,¿Õ»»,S,2650.0000,0.0000,0.0000,0.0000,0.0000,0.0000,0.0000,0.0000,0.0000,0.0000,2,0,0,0,0,0,0,0,0,0
zc,ER207,2012-06-27 09:24:13.533,0.0000,6,0,0.0000,0.0000,0,0,¿Õ»»,S,2650.0000,0.0000,0.0000,0.0000,0.0000,0.0000,0.0000,0.0000,0.0000,0.0000,2,0,0,0,0,0,0,0,0,0
zc,ER207,2012-06-27 09:25:13.533,0.0000,6,0,0.0000,0.0000,0,0,¿Õ»»,S,2650.0000,0.0000,0.0000,0.0000,0.0000,0.0000,0.0000,0.0000,0.0000,0.0000,2,0,0,0,0,0,0,0,0,0
zc,ER207,2012-06-27 09:26:13.533,0.0000,6,0,0.0000,0.0000,0,0,¿Õ»»,S,2650.0000,0.0000,0.0000,0.0000,0.0000,0.0000,0.0000,0.0000,0.0000,0.0000,2,0,0,0,0,0,0,0,0,0
zc,ER207,2012-06-27 09:27:13.533,0.0000,6,0,0.0000,0.0000,0,0,¿Õ»»,S,2650.0000,0.0000,0.0000,0.0000,0.0000,0.0000,0.0000,0.0000,0.0000,0.0000,2,0,0,0,0,0,0,0,0,0
zc,ER207,2012-06-27 09:28:13.300,0.0000,6,0,0.0000,0.0000,0,0,¿Õ»»,S,2650.0000,0.0000,0.0000,0.0000,0.0000,0.0000,0.0000,0.0000,0.0000,0.0000,2,0,0,0,0,0,0,0,0,0
zc,ER207,2012-06-27 09:29:13.300,0.0000,6,0,0.0000,0.0000,0,0,¿Õ»»,S,2650.0000,0.0000,0.0000,0.0000,0.0000,0.0000,0.0000,0.0000,0.0000,0.0000,2,0,0,0,0,0,0,0,0,0
zc,ER207,2012-06-27 09:30:13.300,0.0000,6,0,0.0000,0.0000,0,0,¿Õ»»,S,2650.0000,0.0000,0.0000,0.0000,0.0000,0.0000,0.0000,0.0000,0.0000,0.0000,2,0,0,0,0,0,0,0,0,0
zc,ER207,2012-06-27 09:31:13.283,0.0000,6,0,0.0000,0.0000,0,0,¿Õ»»,S,2650.0000,0.0000,0.0000,0.0000,0.0000,0.0000,0.0000,0.0000,0.0000,0.0000,2,0,0,0,0,0,0,0,0,0
zc,ER207,2012-06-27 09:32:13.283,0.0000,6,0,0.0000,0.0000,0,0,¿Õ»»,S,2650.0000,0.0000,0.0000,0.0000,0.0000,0.0000,0.0000,0.0000,0.0000,0.0000,2,0,0,0,0,0,0,0,0,0
zc,ER207,2012-06-27 09:33:13.300,0.0000,6,0,0.0000,0.0000,0,0,¿Õ»»,S,2650.0000,0.0000,0.0000,0.0000,0.0000,0.0000,0.0000,0.0000,0.0000,0.0000,2,0,0,0,0,0,0,0,0,0
zc,ER207,2012-06-27 09:34:13.283,0.0000,6,0,0.0000,0.0000,0,0,¿Õ»»,S,2650.0000,0.0000,0.0000,0.0000,0.0000,0.0000,0.0000,0.0000,0.0000,0.0000,2,0,0,0,0,0,0,0,0,0
zc,ER207,2012-06-27 09:35:13.300,0.0000,6,0,0.0000,0.0000,0,0,¿Õ»»,S,2650.0000,0.0000,0.0000,0.0000,0.0000,0.0000,0.0000,0.0000,0.0000,0.0000,2,0,0,0,0,0,0,0,0,0
zc,ER207,2012-06-27 09:36:13.283,0.0000,6,0,0.0000,0.0000,0,0,¿Õ»»,S,2650.0000,0.0000,0.0000,0.0000,0.0000,0.0000,0.0000,0.0000,0.0000,0.0000,2,0,0,0,0,0,0,0,0,0
zc,ER207,2012-06-27 09:37:13.283,0.0000,6,0,0.0000,0.0000,0,0,¿Õ»»,S,2650.0000,0.0000,0.0000,0.0000,0.0000,0.0000,0.0000,0.0000,0.0000,0.0000,2,0,0,0,0,0,0,0,0,0
zc,ER207,2012-06-27 09:38:13.283,0.0000,6,0,0.0000,0.0000,0,0,¿Õ»»,S,2650.0000,0.0000,0.0000,0.0000,0.0000,0.0000,0.0000,0.0000,0.0000,0.0000,2,0,0,0,0,0,0,0,0,0
zc,ER207,2012-06-27 09:38:28.753,0.0000,6,0,0.0000,0.0000,0,0,¿Õ»»,S,2650.0000,0.0000,0.0000,0.0000,0.0000,2720.0000,0.0000,0.0000,0.0000,0.0000,2,0,0,0,0,1,0,0,0,0
zc,ER207,2012-06-27 09:39:13.283,0.0000,6,0,0.0000,0.0000,0,0,¿Õ»»,S,2650.0000,0.0000,0.0000,0.0000,0.0000,2720.0000,0.0000,0.0000,0.0000,0.0000,2,0,0,0,0,1,0,0,0,0
zc,ER207,2012-06-27 09:40:13.283,0.0000,6,0,0.0000,0.0000,0,0,¿Õ»»,S,2650.0000,0.0000,0.0000,0.0000,0.0000,2720.0000,0.0000,0.0000,0.0000,0.0000,2,0,0,0,0,1,0,0,0,0
zc,ER207,2012-06-27 09:41:13.283,0.0000,6,0,0.0000,0.0000,0,0,¿Õ»»,S,2650.0000,0.0000,0.0000,0.0000,0.0000,2720.0000,0.0000,0.0000,0.0000,0.0000,2,0,0,0,0,1,0,0,0,0
zc,ER207,2012-06-27 09:42:13.283,0.0000,6,0,0.0000,0.0000,0,0,¿Õ»»,S,2650.0000,0.0000,0.0000,0.0000,0.0000,2720.0000,0.0000,0.0000,0.0000,0.0000,2,0,0,0,0,1,0,0,0,0
zc,ER207,2012-06-27 09:43:13.283,0.0000,6,0,0.0000,0.0000,0,0,¿Õ»»,S,2650.0000,0.0000,0.0000,0.0000,0.0000,2720.0000,0.0000,0.0000,0.0000,0.0000,2,0,0,0,0,1,0,0,0,0
zc,ER207,2012-06-27 09:44:13.283,0.0000,6,0,0.0000,0.0000,0,0,¿Õ»»,S,2650.0000,0.0000,0.0000,0.0000,0.0000,2720.0000,0.0000,0.0000,0.0000,0.0000,2,0,0,0,0,1,0,0,0,0
zc,ER207,2012-06-27 09:45:13.270,0.0000,6,0,0.0000,0.0000,0,0,¿Õ»»,S,2650.0000,0.0000,0.0000,0.0000,0.0000,2720.0000,0.0000,0.0000,0.0000,0.0000,2,0,0,0,0,1,0,0,0,0
zc,ER207,2012-06-27 09:46:13.283,0.0000,6,0,0.0000,0.0000,0,0,¿Õ»»,S,2650.0000,0.0000,0.0000,0.0000,0.0000,2720.0000,0.0000,0.0000,0.0000,0.0000,2,0,0,0,0,1,0,0,0,0
zc,ER207,2012-06-27 09:47:13.270,0.0000,6,0,0.0000,0.0000,0,0,¿Õ»»,S,2650.0000,0.0000,0.0000,0.0000,0.0000,2720.0000,0.0000,0.0000,0.0000,0.0000,2,0,0,0,0,1,0,0,0,0
zc,ER207,2012-06-27 09:48:13.270,0.0000,6,0,0.0000,0.0000,0,0,¿Õ»»,S,2650.0000,0.0000,0.0000,0.0000,0.0000,2720.0000,0.0000,0.0000,0.0000,0.0000,2,0,0,0,0,1,0,0,0,0
zc,ER207,2012-06-27 09:49:13.283,0.0000,6,0,0.0000,0.0000,0,0,¿Õ»»,S,2650.0000,0.0000,0.0000,0.0000,0.0000,2720.0000,0.0000,0.0000,0.0000,0.0000,2,0,0,0,0,1,0,0,0,0
zc,ER207,2012-06-27 09:50:13.270,0.0000,6,0,0.0000,0.0000,0,0,¿Õ»»,S,2650.0000,0.0000,0.0000,0.0000,0.0000,2720.0000,0.0000,0.0000,0.0000,0.0000,2,0,0,0,0,1,0,0,0,0
zc,ER207,2012-06-27 09:51:13.300,0.0000,6,0,0.0000,0.0000,0,0,¿Õ»»,S,2650.0000,0.0000,0.0000,0.0000,0.0000,2720.0000,0.0000,0.0000,0.0000,0.0000,2,0,0,0,0,1,0,0,0,0
zc,ER207,2012-06-27 09:52:13.283,0.0000,6,0,0.0000,0.0000,0,0,¿Õ»»,S,2650.0000,0.0000,0.0000,0.0000,0.0000,2720.0000,0.0000,0.0000,0.0000,0.0000,2,0,0,0,0,1,0,0,0,0
zc,ER207,2012-06-27 09:53:13.283,0.0000,6,0,0.0000,0.0000,0,0,¿Õ»»,S,2650.0000,0.0000,0.0000,0.0000,0.0000,2720.0000,0.0000,0.0000,0.0000,0.0000,2,0,0,0,0,1,0,0,0,0
zc,ER207,2012-06-27 09:54:13.300,0.0000,6,0,0.0000,0.0000,0,0,¿Õ»»,S,2650.0000,0.0000,0.0000,0.0000,0.0000,2720.0000,0.0000,0.0000,0.0000,0.0000,2,0,0,0,0,1,0,0,0,0
zc,ER207,2012-06-27 09:54:29.253,0.0000,6,0,0.0000,0.0000,0,0,¿Õ»»,S,0.0000,0.0000,0.0000,0.0000,0.0000,2720.0000,0.0000,0.0000,0.0000,0.0000,0,0,0,0,0,1,0,0,0,0
zc,ER207,2012-06-27 09:54:59.987,0.0000,6,0,0.0000,0.0000,0,0,¿Õ»»,S,2600.0000,0.0000,0.0000,0.0000,0.0000,2720.0000,0.0000,0.0000,0.0000,0.0000,1,0,0,0,0,1,0,0,0,0
zc,ER207,2012-06-27 09:55:01.253,0.0000,6,0,0.0000,0.0000,0,0,¿Õ»»,S,2601.0000,0.0000,0.0000,0.0000,0.0000,2720.0000,0.0000,0.0000,0.0000,0.0000,6,0,0,0,0,1,0,0,0,0
zc,ER207,2012-06-27 09:55:11.503,0.0000,6,0,0.0000,0.0000,0,0,¿Õ»»,S,2630.0000,0.0000,0.0000,0.0000,0.0000,2720.0000,0.0000,0.0000,0.0000,0.0000,1,0,0,0,0,1,0,0,0,0
zc,ER207,2012-06-27 09:55:13.283,0.0000,6,0,0.0000,0.0000,0,0,¿Õ»»,S,2630.0000,0.0000,0.0000,0.0000,0.0000,2720.0000,0.0000,0.0000,0.0000,0.0000,1,0,0,0,0,1,0,0,0,0
zc,ER207,2012-06-27 09:56:13.283,0.0000,6,0,0.0000,0.0000,0,0,¿Õ»»,S,2630.0000,0.0000,0.0000,0.0000,0.0000,2720.0000,0.0000,0.0000,0.0000,0.0000,1,0,0,0,0,1,0,0,0,0
zc,ER207,2012-06-27 09:57:13.283,0.0000,6,0,0.0000,0.0000,0,0,¿Õ»»,S,2630.0000,0.0000,0.0000,0.0000,0.0000,2720.0000,0.0000,0.0000,0.0000,0.0000,1,0,0,0,0,1,0,0,0,0
zc,ER207,2012-06-27 09:58:13.283,0.0000,6,0,0.0000,0.0000,0,0,¿Õ»»,S,2630.0000,0.0000,0.0000,0.0000,0.0000,2720.0000,0.0000,0.0000,0.0000,0.0000,1,0,0,0,0,1,0,0,0,0
zc,ER207,2012-06-27 09:59:13.283,0.0000,6,0,0.0000,0.0000,0,0,¿Õ»»,S,2630.0000,0.0000,0.0000,0.0000,0.0000,2720.0000,0.0000,0.0000,0.0000,0.0000,1,0,0,0,0,1,0,0,0,0
zc,ER207,2012-06-27 09:59:25.003,0.0000,6,0,0.0000,0.0000,0,0,¿Õ»»,S,2630.0000,0.0000,0.0000,0.0000,0.0000,2718.0000,0.0000,0.0000,0.0000,0.0000,1,0,0,0,0,1,0,0,0,0
zc,ER207,2012-06-27 10:00:13.283,0.0000,6,0,0.0000,0.0000,0,0,¿Õ»»,S,2630.0000,0.0000,0.0000,0.0000,0.0000,2718.0000,0.0000,0.0000,0.0000,0.0000,1,0,0,0,0,1,0,0,0,0
zc,ER207,2012-06-27 10:01:13.283,0.0000,6,0,0.0000,0.0000,0,0,¿Õ»»,S,2630.0000,0.0000,0.0000,0.0000,0.0000,2718.0000,0.0000,0.0000,0.0000,0.0000,1,0,0,0,0,1,0,0,0,0
zc,ER207,2012-06-27 10:02:13.270,0.0000,6,0,0.0000,0.0000,0,0,¿Õ»»,S,2630.0000,0.0000,0.0000,0.0000,0.0000,2718.0000,0.0000,0.0000,0.0000,0.0000,1,0,0,0,0,1,0,0,0,0
zc,ER207,2012-06-27 10:02:14.487,0.0000,6,0,0.0000,0.0000,0,0,¿Õ»»,S,2630.0000,0.0000,0.0000,0.0000,0.0000,2720.0000,0.0000,0.0000,0.0000,0.0000,1,0,0,0,0,1,0,0,0,0
zc,ER207,2012-06-27 10:03:13.270,0.0000,6,0,0.0000,0.0000,0,0,¿Õ»»,S,2630.0000,0.0000,0.0000,0.0000,0.0000,2720.0000,0.0000,0.0000,0.0000,0.0000,1,0,0,0,0,1,0,0,0,0
zc,ER207,2012-06-27 10:04:13.283,0.0000,6,0,0.0000,0.0000,0,0,¿Õ»»,S,2630.0000,0.0000,0.0000,0.0000,0.0000,2720.0000,0.0000,0.0000,0.0000,0.0000,1,0,0,0,0,1,0,0,0,0
zc,ER207,2012-06-27 10:05:13.270,0.0000,6,0,0.0000,0.0000,0,0,¿Õ»»,S,2630.0000,0.0000,0.0000,0.0000,0.0000,2720.0000,0.0000,0.0000,0.0000,0.0000,1,0,0,0,0,1,0,0,0,0
zc,ER207,2012-06-27 10:06:13.283,0.0000,6,0,0.0000,0.0000,0,0,¿Õ»»,S,2630.0000,0.0000,0.0000,0.0000,0.0000,2720.0000,0.0000,0.0000,0.0000,0.0000,1,0,0,0,0,1,0,0,0,0
zc,ER207,2012-06-27 10:07:13.270,0.0000,6,0,0.0000,0.0000,0,0,¿Õ»»,S,2630.0000,0.0000,0.0000,0.0000,0.0000,2720.0000,0.0000,0.0000,0.0000,0.0000,1,0,0,0,0,1,0,0,0,0
zc,ER207,2012-06-27 10:08:13.270,0.0000,6,0,0.0000,0.0000,0,0,¿Õ»»,S,2630.0000,0.0000,0.0000,0.0000,0.0000,2720.0000,0.0000,0.0000,0.0000,0.0000,1,0,0,0,0,1,0,0,0,0
zc,ER207,2012-06-27 10:08:20.237,2630.0000,6,0,0.0000,2.0000,1,1,¶à»»,B,2610.0000,0.0000,0.0000,0.0000,0.0000,2720.0000,0.0000,0.0000,0.0000,0.0000,2,0,0,0,0,1,0,0,0,0
zc,ER207,2012-06-27 10:08:30.987,2630.0000,6,0,0.0000,0.0000,0,0,¶à»»,B,2611.0000,0.0000,0.0000,0.0000,0.0000,2720.0000,0.0000,0.0000,0.0000,0.0000,1,0,0,0,0,1,0,0,0,0
zc,ER207,2012-06-27 10:08:36.487,2630.0000,6,0,0.0000,0.0000,0,0,¶à»»,B,2611.0000,0.0000,0.0000,0.0000,0.0000,2718.0000,0.0000,0.0000,0.0000,0.0000,1,0,0,0,0,1,0,0,0,0
zc,ER207,2012-06-27 10:09:13.270,2630.0000,6,0,0.0000,0.0000,0,0,¶à»»,B,2611.0000,0.0000,0.0000,0.0000,0.0000,2718.0000,0.0000,0.0000,0.0000,0.0000,1,0,0,0,0,1,0,0,0,0
zc,ER207,2012-06-27 10:09:15.987,2630.0000,6,0,0.0000,0.0000,0,0,¶à»»,B,2630.0000,0.0000,0.0000,0.0000,0.0000,2718.0000,0.0000,0.0000,0.0000,0.0000,1,0,0,0,0,1,0,0,0,0
zc,ER207,2012-06-27 10:10:13.270,2630.0000,6,0,0.0000,0.0000,0,0,¶à»»,B,2630.0000,0.0000,0.0000,0.0000,0.0000,2718.0000,0.0000,0.0000,0.0000,0.0000,1,0,0,0,0,1,0,0,0,0
zc,ER207,2012-06-27 10:11:13.270,2630.0000,6,0,0.0000,0.0000,0,0,¶à»»,B,2630.0000,0.0000,0.0000,0.0000,0.0000,2718.0000,0.0000,0.0000,0.0000,0.0000,1,0,0,0,0,1,0,0,0,0
zc,ER207,2012-06-27 10:12:13.270,2630.0000,6,0,0.0000,0.0000,0,0,¶à»»,B,2630.0000,0.0000,0.0000,0.0000,0.0000,2718.0000,0.0000,0.0000,0.0000,0.0000,1,0,0,0,0,1,0,0,0,0
zc,ER207,2012-06-27 10:13:13.270,2630.0000,6,0,0.0000,0.0000,0,0,¶à»»,B,2630.0000,0.0000,0.0000,0.0000,0.0000,2718.0000,0.0000,0.0000,0.0000,0.0000,1,0,0,0,0,1,0,0,0,0
zc,ER207,2012-06-27 10:14:13.270,2630.0000,6,0,0.0000,0.0000,0,0,¶à»»,B,2630.0000,0.0000,0.0000,0.0000,0.0000,2718.0000,0.0000,0.0000,0.0000,0.0000,1,0,0,0,0,1,0,0,0,0
zc,ER207,2012-06-27 10:15:13.270,2630.0000,6,0,0.0000,0.0000,0,0,¶à»»,B,2630.0000,0.0000,0.0000,0.0000,0.0000,2718.0000,0.0000,0.0000,0.0000,0.0000,1,0,0,0,0,1,0,0,0,0
zc,ER207,2012-06-27 10:16:13.270,2630.0000,6,0,0.0000,0.0000,0,0,¶à»»,B,2630.0000,0.0000,0.0000,0.0000,0.0000,2718.0000,0.0000,0.0000,0.0000,0.0000,1,0,0,0,0,1,0,0,0,0
zc,ER207,2012-06-27 10:17:13.270,2630.0000,6,0,0.0000,0.0000,0,0,¶à»»,B,2630.0000,0.0000,0.0000,0.0000,0.0000,2718.0000,0.0000,0.0000,0.0000,0.0000,1,0,0,0,0,1,0,0,0,0
zc,ER207,2012-06-27 10:18:13.253,2630.0000,6,0,0.0000,0.0000,0,0,¶à»»,B,2630.0000,0.0000,0.0000,0.0000,0.0000,2718.0000,0.0000,0.0000,0.0000,0.0000,1,0,0,0,0,1,0,0,0,0
zc,ER207,2012-06-27 10:19:13.253,2630.0000,6,0,0.0000,0.0000,0,0,¶à»»,B,2630.0000,0.0000,0.0000,0.0000,0.0000,2718.0000,0.0000,0.0000,0.0000,0.0000,1,0,0,0,0,1,0,0,0,0
zc,ER207,2012-06-27 10:20:13.253,2630.0000,6,0,0.0000,0.0000,0,0,¶à»»,B,2630.0000,0.0000,0.0000,0.0000,0.0000,2718.0000,0.0000,0.0000,0.0000,0.0000,1,0,0,0,0,1,0,0,0,0
zc,ER207,2012-06-27 10:21:13.253,2630.0000,6,0,0.0000,0.0000,0,0,¶à»»,B,2630.0000,0.0000,0.0000,0.0000,0.0000,2718.0000,0.0000,0.0000,0.0000,0.0000,1,0,0,0,0,1,0,0,0,0
zc,ER207,2012-06-27 10:22:13.253,2630.0000,6,0,0.0000,0.0000,0,0,¶à»»,B,2630.0000,0.0000,0.0000,0.0000,0.0000,2718.0000,0.0000,0.0000,0.0000,0.0000,1,0,0,0,0,1,0,0,0,0
zc,ER207,2012-06-27 10:23:13.253,2630.0000,6,0,0.0000,0.0000,0,0,¶à»»,B,2630.0000,0.0000,0.0000,0.0000,0.0000,2718.0000,0.0000,0.0000,0.0000,0.0000,1,0,0,0,0,1,0,0,0,0
zc,ER207,2012-06-27 10:24:13.253,2630.0000,6,0,0.0000,0.0000,0,0,¶à»»,B,2630.0000,0.0000,0.0000,0.0000,0.0000,2718.0000,0.0000,0.0000,0.0000,0.0000,1,0,0,0,0,1,0,0,0,0
zc,ER207,2012-06-27 10:25:13.270,2630.0000,6,0,0.0000,0.0000,0,0,¶à»»,B,2630.0000,0.0000,0.0000,0.0000,0.0000,2718.0000,0.0000,0.0000,0.0000,0.0000,1,0,0,0,0,1,0,0,0,0
zc,ER207,2012-06-27 10:26:13.270,2630.0000,6,0,0.0000,0.0000,0,0,¶à»»,B,2630.0000,0.0000,0.0000,0.0000,0.0000,2718.0000,0.0000,0.0000,0.0000,0.0000,1,0,0,0,0,1,0,0,0,0
zc,ER207,2012-06-27 10:27:13.253,2630.0000,6,0,0.0000,0.0000,0,0,¶à»»,B,2630.0000,0.0000,0.0000,0.0000,0.0000,2718.0000,0.0000,0.0000,0.0000,0.0000,1,0,0,0,0,1,0,0,0,0
zc,ER207,2012-06-27 10:28:13.253,2630.0000,6,0,0.0000,0.0000,0,0,¶à»»,B,2630.0000,0.0000,0.0000,0.0000,0.0000,2718.0000,0.0000,0.0000,0.0000,0.0000,1,0,0,0,0,1,0,0,0,0
zc,ER207,2012-06-27 10:29:13.253,2630.0000,6,0,0.0000,0.0000,0,0,¶à»»,B,2630.0000,0.0000,0.0000,0.0000,0.0000,2718.0000,0.0000,0.0000,0.0000,0.0000,1,0,0,0,0,1,0,0,0,0
zc,ER207,2012-06-27 10:30:13.270,2630.0000,6,0,0.0000,0.0000,0,0,¶à»»,B,2630.0000,0.0000,0.0000,0.0000,0.0000,2718.0000,0.0000,0.0000,0.0000,0.0000,1,0,0,0,0,1,0,0,0,0
zc,ER207,2012-06-27 10:31:13.253,2630.0000,6,0,0.0000,0.0000,0,0,¶à»»,B,2630.0000,0.0000,0.0000,0.0000,0.0000,2718.0000,0.0000,0.0000,0.0000,0.0000,1,0,0,0,0,1,0,0,0,0
zc,ER207,2012-06-27 10:32:13.237,2630.0000,6,0,0.0000,0.0000,0,0,¶à»»,B,2630.0000,0.0000,0.0000,0.0000,0.0000,2718.0000,0.0000,0.0000,0.0000,0.0000,1,0,0,0,0,1,0,0,0,0
zc,ER207,2012-06-27 10:33:13.237,2630.0000,6,0,0.0000,0.0000,0,0,¶à»»,B,2630.0000,0.0000,0.0000,0.0000,0.0000,2718.0000,0.0000,0.0000,0.0000,0.0000,1,0,0,0,0,1,0,0,0,0
zc,ER207,2012-06-27 10:34:13.237,2630.0000,6,0,0.0000,0.0000,0,0,¶à»»,B,2630.0000,0.0000,0.0000,0.0000,0.0000,2718.0000,0.0000,0.0000,0.0000,0.0000,1,0,0,0,0,1,0,0,0,0
zc,ER207,2012-06-27 10:35:13.253,2630.0000,6,0,0.0000,0.0000,0,0,¶à»»,B,2630.0000,0.0000,0.0000,0.0000,0.0000,2718.0000,0.0000,0.0000,0.0000,0.0000,1,0,0,0,0,1,0,0,0,0
zc,ER207,2012-06-27 10:36:13.237,2630.0000,6,0,0.0000,0.0000,0,0,¶à»»,B,2630.0000,0.0000,0.0000,0.0000,0.0000,2718.0000,0.0000,0.0000,0.0000,0.0000,1,0,0,0,0,1,0,0,0,0
zc,ER207,2012-06-27 10:37:13.253,2630.0000,6,0,0.0000,0.0000,0,0,¶à»»,B,2630.0000,0.0000,0.0000,0.0000,0.0000,2718.0000,0.0000,0.0000,0.0000,0.0000,1,0,0,0,0,1,0,0,0,0
zc,ER207,2012-06-27 10:38:13.237,2630.0000,6,0,0.0000,0.0000,0,0,¶à»»,B,2630.0000,0.0000,0.0000,0.0000,0.0000,2718.0000,0.0000,0.0000,0.0000,0.0000,1,0,0,0,0,1,0,0,0,0
zc,ER207,2012-06-27 10:39:13.237,2630.0000,6,0,0.0000,0.0000,0,0,¶à»»,B,2630.0000,0.0000,0.0000,0.0000,0.0000,2718.0000,0.0000,0.0000,0.0000,0.0000,1,0,0,0,0,1,0,0,0,0
zc,ER207,2012-06-27 10:40:13.237,2630.0000,6,0,0.0000,0.0000,0,0,¶à»»,B,2630.0000,0.0000,0.0000,0.0000,0.0000,2718.0000,0.0000,0.0000,0.0000,0.0000,1,0,0,0,0,1,0,0,0,0
zc,ER207,2012-06-27 10:41:13.237,2630.0000,6,0,0.0000,0.0000,0,0,¶à»»,B,2630.0000,0.0000,0.0000,0.0000,0.0000,2718.0000,0.0000,0.0000,0.0000,0.0000,1,0,0,0,0,1,0,0,0,0
zc,ER207,2012-06-27 10:42:13.237,2630.0000,6,0,0.0000,0.0000,0,0,¶à»»,B,2630.0000,0.0000,0.0000,0.0000,0.0000,2718.0000,0.0000,0.0000,0.0000,0.0000,1,0,0,0,0,1,0,0,0,0
zc,ER207,2012-06-27 10:43:13.237,2630.0000,6,0,0.0000,0.0000,0,0,¶à»»,B,2630.0000,0.0000,0.0000,0.0000,0.0000,2718.0000,0.0000,0.0000,0.0000,0.0000,1,0,0,0,0,1,0,0,0,0
zc,ER207,2012-06-27 10:44:13.237,2630.0000,6,0,0.0000,0.0000,0,0,¶à»»,B,2630.0000,0.0000,0.0000,0.0000,0.0000,2718.0000,0.0000,0.0000,0.0000,0.0000,1,0,0,0,0,1,0,0,0,0
zc,ER207,2012-06-27 10:45:13.237,2630.0000,6,0,0.0000,0.0000,0,0,¶à»»,B,2630.0000,0.0000,0.0000,0.0000,0.0000,2718.0000,0.0000,0.0000,0.0000,0.0000,1,0,0,0,0,1,0,0,0,0
zc,ER207,2012-06-27 10:46:13.237,2630.0000,6,0,0.0000,0.0000,0,0,¶à»»,B,2630.0000,0.0000,0.0000,0.0000,0.0000,2718.0000,0.0000,0.0000,0.0000,0.0000,1,0,0,0,0,1,0,0,0,0
zc,ER207,2012-06-27 10:47:13.237,2630.0000,6,0,0.0000,0.0000,0,0,¶à»»,B,2630.0000,0.0000,0.0000,0.0000,0.0000,2718.0000,0.0000,0.0000,0.0000,0.0000,1,0,0,0,0,1,0,0,0,0
zc,ER207,2012-06-27 10:48:13.237,2630.0000,6,0,0.0000,0.0000,0,0,¶à»»,B,2630.0000,0.0000,0.0000,0.0000,0.0000,2718.0000,0.0000,0.0000,0.0000,0.0000,1,0,0,0,0,1,0,0,0,0
zc,ER207,2012-06-27 10:49:13.237,2630.0000,6,0,0.0000,0.0000,0,0,¶à»»,B,2630.0000,0.0000,0.0000,0.0000,0.0000,2718.0000,0.0000,0.0000,0.0000,0.0000,1,0,0,0,0,1,0,0,0,0
zc,ER207,2012-06-27 10:50:13.237,2630.0000,6,0,0.0000,0.0000,0,0,¶à»»,B,2630.0000,0.0000,0.0000,0.0000,0.0000,2718.0000,0.0000,0.0000,0.0000,0.0000,1,0,0,0,0,1,0,0,0,0
zc,ER207,2012-06-27 10:51:13.223,2630.0000,6,0,0.0000,0.0000,0,0,¶à»»,B,2630.0000,0.0000,0.0000,0.0000,0.0000,2718.0000,0.0000,0.0000,0.0000,0.0000,1,0,0,0,0,1,0,0,0,0
zc,ER207,2012-06-27 10:52:13.223,2630.0000,6,0,0.0000,0.0000,0,0,¶à»»,B,2630.0000,0.0000,0.0000,0.0000,0.0000,2718.0000,0.0000,0.0000,0.0000,0.0000,1,0,0,0,0,1,0,0,0,0
zc,ER207,2012-06-27 10:53:13.223,2630.0000,6,0,0.0000,0.0000,0,0,¶à»»,B,2630.0000,0.0000,0.0000,0.0000,0.0000,2718.0000,0.0000,0.0000,0.0000,0.0000,1,0,0,0,0,1,0,0,0,0
zc,ER207,2012-06-27 10:54:13.237,2630.0000,6,0,0.0000,0.0000,0,0,¶à»»,B,2630.0000,0.0000,0.0000,0.0000,0.0000,2718.0000,0.0000,0.0000,0.0000,0.0000,1,0,0,0,0,1,0,0,0,0
zc,ER207,2012-06-27 10:55:13.237,2630.0000,6,0,0.0000,0.0000,0,0,¶à»»,B,2630.0000,0.0000,0.0000,0.0000,0.0000,2718.0000,0.0000,0.0000,0.0000,0.0000,1,0,0,0,0,1,0,0,0,0
zc,ER207,2012-06-27 10:56:13.223,2630.0000,6,0,0.0000,0.0000,0,0,¶à»»,B,2630.0000,0.0000,0.0000,0.0000,0.0000,2718.0000,0.0000,0.0000,0.0000,0.0000,1,0,0,0,0,1,0,0,0,0
zc,ER207,2012-06-27 10:57:13.223,2630.0000,6,0,0.0000,0.0000,0,0,¶à»»,B,2630.0000,0.0000,0.0000,0.0000,0.0000,2718.0000,0.0000,0.0000,0.0000,0.0000,1,0,0,0,0,1,0,0,0,0
zc,ER207,2012-06-27 10:58:13.223,2630.0000,6,0,0.0000,0.0000,0,0,¶à»»,B,2630.0000,0.0000,0.0000,0.0000,0.0000,2718.0000,0.0000,0.0000,0.0000,0.0000,1,0,0,0,0,1,0,0,0,0
zc,ER207,2012-06-27 10:59:13.223,2630.0000,6,0,0.0000,0.0000,0,0,¶à»»,B,2630.0000,0.0000,0.0000,0.0000,0.0000,2718.0000,0.0000,0.0000,0.0000,0.0000,1,0,0,0,0,1,0,0,0,0
zc,ER207,2012-06-27 11:00:13.223,2630.0000,6,0,0.0000,0.0000,0,0,¶à»»,B,2630.0000,0.0000,0.0000,0.0000,0.0000,2718.0000,0.0000,0.0000,0.0000,0.0000,1,0,0,0,0,1,0,0,0,0
zc,ER207,2012-06-27 11:01:13.223,2630.0000,6,0,0.0000,0.0000,0,0,¶à»»,B,2630.0000,0.0000,0.0000,0.0000,0.0000,2718.0000,0.0000,0.0000,0.0000,0.0000,1,0,0,0,0,1,0,0,0,0
zc,ER207,2012-06-27 11:02:13.223,2630.0000,6,0,0.0000,0.0000,0,0,¶à»»,B,2630.0000,0.0000,0.0000,0.0000,0.0000,2718.0000,0.0000,0.0000,0.0000,0.0000,1,0,0,0,0,1,0,0,0,0
zc,ER207,2012-06-27 11:03:13.223,2630.0000,6,0,0.0000,0.0000,0,0,¶à»»,B,2630.0000,0.0000,0.0000,0.0000,0.0000,2718.0000,0.0000,0.0000,0.0000,0.0000,1,0,0,0,0,1,0,0,0,0
zc,ER207,2012-06-27 11:04:13.207,2630.0000,6,0,0.0000,0.0000,0,0,¶à»»,B,2630.0000,0.0000,0.0000,0.0000,0.0000,2718.0000,0.0000,0.0000,0.0000,0.0000,1,0,0,0,0,1,0,0,0,0
zc,ER207,2012-06-27 11:05:13.207,2630.0000,6,0,0.0000,0.0000,0,0,¶à»»,B,2630.0000,0.0000,0.0000,0.0000,0.0000,2718.0000,0.0000,0.0000,0.0000,0.0000,1,0,0,0,0,1,0,0,0,0
zc,ER207,2012-06-27 11:06:13.207,2630.0000,6,0,0.0000,0.0000,0,0,¶à»»,B,2630.0000,0.0000,0.0000,0.0000,0.0000,2718.0000,0.0000,0.0000,0.0000,0.0000,1,0,0,0,0,1,0,0,0,0
zc,ER207,2012-06-27 11:07:13.207,2630.0000,6,0,0.0000,0.0000,0,0,¶à»»,B,2630.0000,0.0000,0.0000,0.0000,0.0000,2718.0000,0.0000,0.0000,0.0000,0.0000,1,0,0,0,0,1,0,0,0,0
zc,ER207,2012-06-27 11:08:13.207,2630.0000,6,0,0.0000,0.0000,0,0,¶à»»,B,2630.0000,0.0000,0.0000,0.0000,0.0000,2718.0000,0.0000,0.0000,0.0000,0.0000,1,0,0,0,0,1,0,0,0,0
zc,ER207,2012-06-27 11:09:13.207,2630.0000,6,0,0.0000,0.0000,0,0,¶à»»,B,2630.0000,0.0000,0.0000,0.0000,0.0000,2718.0000,0.0000,0.0000,0.0000,0.0000,1,0,0,0,0,1,0,0,0,0
zc,ER207,2012-06-27 11:10:13.207,2630.0000,6,0,0.0000,0.0000,0,0,¶à»»,B,2630.0000,0.0000,0.0000,0.0000,0.0000,2718.0000,0.0000,0.0000,0.0000,0.0000,1,0,0,0,0,1,0,0,0,0
zc,ER207,2012-06-27 11:11:13.207,2630.0000,6,0,0.0000,0.0000,0,0,¶à»»,B,2630.0000,0.0000,0.0000,0.0000,0.0000,2718.0000,0.0000,0.0000,0.0000,0.0000,1,0,0,0,0,1,0,0,0,0
zc,ER207,2012-06-27 11:12:13.223,2630.0000,6,0,0.0000,0.0000,0,0,¶à»»,B,2630.0000,0.0000,0.0000,0.0000,0.0000,2718.0000,0.0000,0.0000,0.0000,0.0000,1,0,0,0,0,1,0,0,0,0
zc,ER207,2012-06-27 11:13:13.223,2630.0000,6,0,0.0000,0.0000,0,0,¶à»»,B,2630.0000,0.0000,0.0000,0.0000,0.0000,2718.0000,0.0000,0.0000,0.0000,0.0000,1,0,0,0,0,1,0,0,0,0
zc,ER207,2012-06-27 11:14:13.223,2630.0000,6,0,0.0000,0.0000,0,0,¶à»»,B,2630.0000,0.0000,0.0000,0.0000,0.0000,2718.0000,0.0000,0.0000,0.0000,0.0000,1,0,0,0,0,1,0,0,0,0
zc,ER207,2012-06-27 11:15:13.223,2630.0000,6,0,0.0000,0.0000,0,0,¶à»»,B,2630.0000,0.0000,0.0000,0.0000,0.0000,2718.0000,0.0000,0.0000,0.0000,0.0000,1,0,0,0,0,1,0,0,0,0
zc,ER207,2012-06-27 11:16:13.223,2630.0000,6,0,0.0000,0.0000,0,0,¶à»»,B,2630.0000,0.0000,0.0000,0.0000,0.0000,2718.0000,0.0000,0.0000,0.0000,0.0000,1,0,0,0,0,1,0,0,0,0
zc,ER207,2012-06-27 11:17:13.223,2630.0000,6,0,0.0000,0.0000,0,0,¶à»»,B,2630.0000,0.0000,0.0000,0.0000,0.0000,2718.0000,0.0000,0.0000,0.0000,0.0000,1,0,0,0,0,1,0,0,0,0
zc,ER207,2012-06-27 11:18:13.223,2630.0000,6,0,0.0000,0.0000,0,0,¶à»»,B,2630.0000,0.0000,0.0000,0.0000,0.0000,2718.0000,0.0000,0.0000,0.0000,0.0000,1,0,0,0,0,1,0,0,0,0
zc,ER207,2012-06-27 11:19:13.223,2630.0000,6,0,0.0000,0.0000,0,0,¶à»»,B,2630.0000,0.0000,0.0000,0.0000,0.0000,2718.0000,0.0000,0.0000,0.0000,0.0000,1,0,0,0,0,1,0,0,0,0
zc,ER207,2012-06-27 11:20:13.223,2630.0000,6,0,0.0000,0.0000,0,0,¶à»»,B,2630.0000,0.0000,0.0000,0.0000,0.0000,2718.0000,0.0000,0.0000,0.0000,0.0000,1,0,0,0,0,1,0,0,0,0
zc,ER207,2012-06-27 11:21:13.223,2630.0000,6,0,0.0000,0.0000,0,0,¶à»»,B,2630.0000,0.0000,0.0000,0.0000,0.0000,2718.0000,0.0000,0.0000,0.0000,0.0000,1,0,0,0,0,1,0,0,0,0
zc,ER207,2012-06-27 11:22:13.207,2630.0000,6,0,0.0000,0.0000,0,0,¶à»»,B,2630.0000,0.0000,0.0000,0.0000,0.0000,2718.0000,0.0000,0.0000,0.0000,0.0000,1,0,0,0,0,1,0,0,0,0
zc,ER207,2012-06-27 11:23:13.223,2630.0000,6,0,0.0000,0.0000,0,0,¶à»»,B,2630.0000,0.0000,0.0000,0.0000,0.0000,2718.0000,0.0000,0.0000,0.0000,0.0000,1,0,0,0,0,1,0,0,0,0
zc,ER207,2012-06-27 11:24:13.207,2630.0000,6,0,0.0000,0.0000,0,0,¶à»»,B,2630.0000,0.0000,0.0000,0.0000,0.0000,2718.0000,0.0000,0.0000,0.0000,0.0000,1,0,0,0,0,1,0,0,0,0
zc,ER207,2012-06-27 11:25:13.223,2630.0000,6,0,0.0000,0.0000,0,0,¶à»»,B,2630.0000,0.0000,0.0000,0.0000,0.0000,2718.0000,0.0000,0.0000,0.0000,0.0000,1,0,0,0,0,1,0,0,0,0
zc,ER207,2012-06-27 11:26:13.207,2630.0000,6,0,0.0000,0.0000,0,0,¶à»»,B,2630.0000,0.0000,0.0000,0.0000,0.0000,2718.0000,0.0000,0.0000,0.0000,0.0000,1,0,0,0,0,1,0,0,0,0
zc,ER207,2012-06-27 11:27:13.207,2630.0000,6,0,0.0000,0.0000,0,0,¶à»»,B,2630.0000,0.0000,0.0000,0.0000,0.0000,2718.0000,0.0000,0.0000,0.0000,0.0000,1,0,0,0,0,1,0,0,0,0
zc,ER207,2012-06-27 11:28:13.207,2630.0000,6,0,0.0000,0.0000,0,0,¶à»»,B,2630.0000,0.0000,0.0000,0.0000,0.0000,2718.0000,0.0000,0.0000,0.0000,0.0000,1,0,0,0,0,1,0,0,0,0
zc,ER207,2012-06-27 11:29:13.207,2630.0000,6,0,0.0000,0.0000,0,0,¶à»»,B,2630.0000,0.0000,0.0000,0.0000,0.0000,2718.0000,0.0000,0.0000,0.0000,0.0000,1,0,0,0,0,1,0,0,0,0
zc,ER207,2012-06-27 11:30:13.207,2630.0000,6,0,0.0000,0.0000,0,0,¶à»»,B,2630.0000,0.0000,0.0000,0.0000,0.0000,2718.0000,0.0000,0.0000,0.0000,0.0000,1,0,0,0,0,1,0,0,0,0
zc,ER207,2012-06-27 11:31:13.207,2630.0000,6,0,0.0000,0.0000,0,0,¶à»»,B,2630.0000,0.0000,0.0000,0.0000,0.0000,2718.0000,0.0000,0.0000,0.0000,0.0000,1,0,0,0,0,1,0,0,0,0
zc,ER207,2012-06-27 11:32:13.207,2630.0000,6,0,0.0000,0.0000,0,0,¶à»»,B,2630.0000,0.0000,0.0000,0.0000,0.0000,2718.0000,0.0000,0.0000,0.0000,0.0000,1,0,0,0,0,1,0,0,0,0
zc,ER207,2012-06-27 11:33:13.237,2630.0000,6,0,0.0000,0.0000,0,0,¶à»»,B,2630.0000,0.0000,0.0000,0.0000,0.0000,2718.0000,0.0000,0.0000,0.0000,0.0000,1,0,0,0,0,1,0,0,0,0
zc,ER207,2012-06-27 11:34:13.237,2630.0000,6,0,0.0000,0.0000,0,0,¶à»»,B,2630.0000,0.0000,0.0000,0.0000,0.0000,2718.0000,0.0000,0.0000,0.0000,0.0000,1,0,0,0,0,1,0,0,0,0
zc,ER207,2012-06-27 11:35:13.223,2630.0000,6,0,0.0000,0.0000,0,0,¶à»»,B,2630.0000,0.0000,0.0000,0.0000,0.0000,2718.0000,0.0000,0.0000,0.0000,0.0000,1,0,0,0,0,1,0,0,0,0
zc,ER207,2012-06-27 11:36:13.223,2630.0000,6,0,0.0000,0.0000,0,0,¶à»»,B,2630.0000,0.0000,0.0000,0.0000,0.0000,2718.0000,0.0000,0.0000,0.0000,0.0000,1,0,0,0,0,1,0,0,0,0
zc,ER207,2012-06-27 11:37:13.223,2630.0000,6,0,0.0000,0.0000,0,0,¶à»»,B,2630.0000,0.0000,0.0000,0.0000,0.0000,2718.0000,0.0000,0.0000,0.0000,0.0000,1,0,0,0,0,1,0,0,0,0
zc,ER207,2012-06-27 11:38:13.223,2630.0000,6,0,0.0000,0.0000,0,0,¶à»»,B,2630.0000,0.0000,0.0000,0.0000,0.0000,2718.0000,0.0000,0.0000,0.0000,0.0000,1,0,0,0,0,1,0,0,0,0
zc,ER207,2012-06-27 11:39:13.237,2630.0000,6,0,0.0000,0.0000,0,0,¶à»»,B,2630.0000,0.0000,0.0000,0.0000,0.0000,2718.0000,0.0000,0.0000,0.0000,0.0000,1,0,0,0,0,1,0,0,0,0
zc,ER207,2012-06-27 11:40:13.237,2630.0000,6,0,0.0000,0.0000,0,0,¶à»»,B,2630.0000,0.0000,0.0000,0.0000,0.0000,2718.0000,0.0000,0.0000,0.0000,0.0000,1,0,0,0,0,1,0,0,0,0
zc,ER207,2012-06-27 11:41:13.237,2630.0000,6,0,0.0000,0.0000,0,0,¶à»»,B,2630.0000,0.0000,0.0000,0.0000,0.0000,2718.0000,0.0000,0.0000,0.0000,0.0000,1,0,0,0,0,1,0,0,0,0
zc,ER207,2012-06-27 11:42:13.237,2630.0000,6,0,0.0000,0.0000,0,0,¶à»»,B,2630.0000,0.0000,0.0000,0.0000,0.0000,2718.0000,0.0000,0.0000,0.0000,0.0000,1,0,0,0,0,1,0,0,0,0
zc,ER207,2012-06-27 11:43:13.237,2630.0000,6,0,0.0000,0.0000,0,0,¶à»»,B,2630.0000,0.0000,0.0000,0.0000,0.0000,2718.0000,0.0000,0.0000,0.0000,0.0000,1,0,0,0,0,1,0,0,0,0
zc,ER207,2012-06-27 11:44:13.237,2630.0000,6,0,0.0000,0.0000,0,0,¶à»»,B,2630.0000,0.0000,0.0000,0.0000,0.0000,2718.0000,0.0000,0.0000,0.0000,0.0000,1,0,0,0,0,1,0,0,0,0
zc,ER207,2012-06-27 11:45:13.237,2630.0000,6,0,0.0000,0.0000,0,0,¶à»»,B,2630.0000,0.0000,0.0000,0.0000,0.0000,2718.0000,0.0000,0.0000,0.0000,0.0000,1,0,0,0,0,1,0,0,0,0
zc,ER207,2012-06-27 11:46:13.237,2630.0000,6,0,0.0000,0.0000,0,0,¶à»»,B,2630.0000,0.0000,0.0000,0.0000,0.0000,2718.0000,0.0000,0.0000,0.0000,0.0000,1,0,0,0,0,1,0,0,0,0
zc,ER207,2012-06-27 11:47:13.237,2630.0000,6,0,0.0000,0.0000,0,0,¶à»»,B,2630.0000,0.0000,0.0000,0.0000,0.0000,2718.0000,0.0000,0.0000,0.0000,0.0000,1,0,0,0,0,1,0,0,0,0
zc,ER207,2012-06-27 11:48:13.237,2630.0000,6,0,0.0000,0.0000,0,0,¶à»»,B,2630.0000,0.0000,0.0000,0.0000,0.0000,2718.0000,0.0000,0.0000,0.0000,0.0000,1,0,0,0,0,1,0,0,0,0
zc,ER207,2012-06-27 11:49:13.237,2630.0000,6,0,0.0000,0.0000,0,0,¶à»»,B,2630.0000,0.0000,0.0000,0.0000,0.0000,2718.0000,0.0000,0.0000,0.0000,0.0000,1,0,0,0,0,1,0,0,0,0
zc,ER207,2012-06-27 11:50:13.223,2630.0000,6,0,0.0000,0.0000,0,0,¶à»»,B,2630.0000,0.0000,0.0000,0.0000,0.0000,2718.0000,0.0000,0.0000,0.0000,0.0000,1,0,0,0,0,1,0,0,0,0
zc,ER207,2012-06-27 11:51:13.223,2630.0000,6,0,0.0000,0.0000,0,0,¶à»»,B,2630.0000,0.0000,0.0000,0.0000,0.0000,2718.0000,0.0000,0.0000,0.0000,0.0000,1,0,0,0,0,1,0,0,0,0
zc,ER207,2012-06-27 11:52:13.223,2630.0000,6,0,0.0000,0.0000,0,0,¶à»»,B,2630.0000,0.0000,0.0000,0.0000,0.0000,2718.0000,0.0000,0.0000,0.0000,0.0000,1,0,0,0,0,1,0,0,0,0
zc,ER207,2012-06-27 11:53:13.223,2630.0000,6,0,0.0000,0.0000,0,0,¶à»»,B,2630.0000,0.0000,0.0000,0.0000,0.0000,2718.0000,0.0000,0.0000,0.0000,0.0000,1,0,0,0,0,1,0,0,0,0
zc,ER207,2012-06-27 11:54:13.223,2630.0000,6,0,0.0000,0.0000,0,0,¶à»»,B,2630.0000,0.0000,0.0000,0.0000,0.0000,2718.0000,0.0000,0.0000,0.0000,0.0000,1,0,0,0,0,1,0,0,0,0
zc,ER207,2012-06-27 11:55:13.223,2630.0000,6,0,0.0000,0.0000,0,0,¶à»»,B,2630.0000,0.0000,0.0000,0.0000,0.0000,2718.0000,0.0000,0.0000,0.0000,0.0000,1,0,0,0,0,1,0,0,0,0
zc,ER207,2012-06-27 11:56:13.223,2630.0000,6,0,0.0000,0.0000,0,0,¶à»»,B,2630.0000,0.0000,0.0000,0.0000,0.0000,2718.0000,0.0000,0.0000,0.0000,0.0000,1,0,0,0,0,1,0,0,0,0
zc,ER207,2012-06-27 11:57:13.223,2630.0000,6,0,0.0000,0.0000,0,0,¶à»»,B,2630.0000,0.0000,0.0000,0.0000,0.0000,2718.0000,0.0000,0.0000,0.0000,0.0000,1,0,0,0,0,1,0,0,0,0
zc,ER207,2012-06-27 11:58:13.223,2630.0000,6,0,0.0000,0.0000,0,0,¶à»»,B,2630.0000,0.0000,0.0000,0.0000,0.0000,2718.0000,0.0000,0.0000,0.0000,0.0000,1,0,0,0,0,1,0,0,0,0
zc,ER207,2012-06-27 11:59:13.223,2630.0000,6,0,0.0000,0.0000,0,0,¶à»»,B,2630.0000,0.0000,0.0000,0.0000,0.0000,2718.0000,0.0000,0.0000,0.0000,0.0000,1,0,0,0,0,1,0,0,0,0
zc,ER207,2012-06-27 12:00:13.223,2630.0000,6,0,0.0000,0.0000,0,0,¶à»»,B,2630.0000,0.0000,0.0000,0.0000,0.0000,2718.0000,0.0000,0.0000,0.0000,0.0000,1,0,0,0,0,1,0,0,0,0
zc,ER207,2012-06-27 12:01:13.223,2630.0000,6,0,0.0000,0.0000,0,0,¶à»»,B,2630.0000,0.0000,0.0000,0.0000,0.0000,2718.0000,0.0000,0.0000,0.0000,0.0000,1,0,0,0,0,1,0,0,0,0
zc,ER207,2012-06-27 12:02:13.223,2630.0000,6,0,0.0000,0.0000,0,0,¶à»»,B,2630.0000,0.0000,0.0000,0.0000,0.0000,2718.0000,0.0000,0.0000,0.0000,0.0000,1,0,0,0,0,1,0,0,0,0
zc,ER207,2012-06-27 12:03:13.223,2630.0000,6,0,0.0000,0.0000,0,0,¶à»»,B,2630.0000,0.0000,0.0000,0.0000,0.0000,2718.0000,0.0000,0.0000,0.0000,0.0000,1,0,0,0,0,1,0,0,0,0
zc,ER207,2012-06-27 12:04:13.223,2630.0000,6,0,0.0000,0.0000,0,0,¶à»»,B,2630.0000,0.0000,0.0000,0.0000,0.0000,2718.0000,0.0000,0.0000,0.0000,0.0000,1,0,0,0,0,1,0,0,0,0
zc,ER207,2012-06-27 12:05:13.223,2630.0000,6,0,0.0000,0.0000,0,0,¶à»»,B,2630.0000,0.0000,0.0000,0.0000,0.0000,2718.0000,0.0000,0.0000,0.0000,0.0000,1,0,0,0,0,1,0,0,0,0
zc,ER207,2012-06-27 12:06:13.207,2630.0000,6,0,0.0000,0.0000,0,0,¶à»»,B,2630.0000,0.0000,0.0000,0.0000,0.0000,2718.0000,0.0000,0.0000,0.0000,0.0000,1,0,0,0,0,1,0,0,0,0
zc,ER207,2012-06-27 12:07:13.207,2630.0000,6,0,0.0000,0.0000,0,0,¶à»»,B,2630.0000,0.0000,0.0000,0.0000,0.0000,2718.0000,0.0000,0.0000,0.0000,0.0000,1,0,0,0,0,1,0,0,0,0
zc,ER207,2012-06-27 12:08:13.207,2630.0000,6,0,0.0000,0.0000,0,0,¶à»»,B,2630.0000,0.0000,0.0000,0.0000,0.0000,2718.0000,0.0000,0.0000,0.0000,0.0000,1,0,0,0,0,1,0,0,0,0
zc,ER207,2012-06-27 12:09:13.207,2630.0000,6,0,0.0000,0.0000,0,0,¶à»»,B,2630.0000,0.0000,0.0000,0.0000,0.0000,2718.0000,0.0000,0.0000,0.0000,0.0000,1,0,0,0,0,1,0,0,0,0
zc,ER207,2012-06-27 12:10:13.207,2630.0000,6,0,0.0000,0.0000,0,0,¶à»»,B,2630.0000,0.0000,0.0000,0.0000,0.0000,2718.0000,0.0000,0.0000,0.0000,0.0000,1,0,0,0,0,1,0,0,0,0
zc,ER207,2012-06-27 12:11:13.207,2630.0000,6,0,0.0000,0.0000,0,0,¶à»»,B,2630.0000,0.0000,0.0000,0.0000,0.0000,2718.0000,0.0000,0.0000,0.0000,0.0000,1,0,0,0,0,1,0,0,0,0
zc,ER207,2012-06-27 12:12:13.207,2630.0000,6,0,0.0000,0.0000,0,0,¶à»»,B,2630.0000,0.0000,0.0000,0.0000,0.0000,2718.0000,0.0000,0.0000,0.0000,0.0000,1,0,0,0,0,1,0,0,0,0
zc,ER207,2012-06-27 12:13:13.207,2630.0000,6,0,0.0000,0.0000,0,0,¶à»»,B,2630.0000,0.0000,0.0000,0.0000,0.0000,2718.0000,0.0000,0.0000,0.0000,0.0000,1,0,0,0,0,1,0,0,0,0
zc,ER207,2012-06-27 12:14:13.207,2630.0000,6,0,0.0000,0.0000,0,0,¶à»»,B,2630.0000,0.0000,0.0000,0.0000,0.0000,2718.0000,0.0000,0.0000,0.0000,0.0000,1,0,0,0,0,1,0,0,0,0
zc,ER207,2012-06-27 12:15:13.207,2630.0000,6,0,0.0000,0.0000,0,0,¶à»»,B,2630.0000,0.0000,0.0000,0.0000,0.0000,2718.0000,0.0000,0.0000,0.0000,0.0000,1,0,0,0,0,1,0,0,0,0
zc,ER207,2012-06-27 12:16:13.207,2630.0000,6,0,0.0000,0.0000,0,0,¶à»»,B,2630.0000,0.0000,0.0000,0.0000,0.0000,2718.0000,0.0000,0.0000,0.0000,0.0000,1,0,0,0,0,1,0,0,0,0
zc,ER207,2012-06-27 12:17:13.207,2630.0000,6,0,0.0000,0.0000,0,0,¶à»»,B,2630.0000,0.0000,0.0000,0.0000,0.0000,2718.0000,0.0000,0.0000,0.0000,0.0000,1,0,0,0,0,1,0,0,0,0
zc,ER207,2012-06-27 12:18:13.207,2630.0000,6,0,0.0000,0.0000,0,0,¶à»»,B,2630.0000,0.0000,0.0000,0.0000,0.0000,2718.0000,0.0000,0.0000,0.0000,0.0000,1,0,0,0,0,1,0,0,0,0
zc,ER207,2012-06-27 12:19:13.207,2630.0000,6,0,0.0000,0.0000,0,0,¶à»»,B,2630.0000,0.0000,0.0000,0.0000,0.0000,2718.0000,0.0000,0.0000,0.0000,0.0000,1,0,0,0,0,1,0,0,0,0
zc,ER207,2012-06-27 12:20:13.207,2630.0000,6,0,0.0000,0.0000,0,0,¶à»»,B,2630.0000,0.0000,0.0000,0.0000,0.0000,2718.0000,0.0000,0.0000,0.0000,0.0000,1,0,0,0,0,1,0,0,0,0
zc,ER207,2012-06-27 12:21:13.190,2630.0000,6,0,0.0000,0.0000,0,0,¶à»»,B,2630.0000,0.0000,0.0000,0.0000,0.0000,2718.0000,0.0000,0.0000,0.0000,0.0000,1,0,0,0,0,1,0,0,0,0
zc,ER207,2012-06-27 12:22:13.207,2630.0000,6,0,0.0000,0.0000,0,0,¶à»»,B,2630.0000,0.0000,0.0000,0.0000,0.0000,2718.0000,0.0000,0.0000,0.0000,0.0000,1,0,0,0,0,1,0,0,0,0
zc,ER207,2012-06-27 12:23:13.207,2630.0000,6,0,0.0000,0.0000,0,0,¶à»»,B,2630.0000,0.0000,0.0000,0.0000,0.0000,2718.0000,0.0000,0.0000,0.0000,0.0000,1,0,0,0,0,1,0,0,0,0
zc,ER207,2012-06-27 12:24:13.207,2630.0000,6,0,0.0000,0.0000,0,0,¶à»»,B,2630.0000,0.0000,0.0000,0.0000,0.0000,2718.0000,0.0000,0.0000,0.0000,0.0000,1,0,0,0,0,1,0,0,0,0
zc,ER207,2012-06-27 12:25:13.207,2630.0000,6,0,0.0000,0.0000,0,0,¶à»»,B,2630.0000,0.0000,0.0000,0.0000,0.0000,2718.0000,0.0000,0.0000,0.0000,0.0000,1,0,0,0,0,1,0,0,0,0
zc,ER207,2012-06-27 12:26:13.207,2630.0000,6,0,0.0000,0.0000,0,0,¶à»»,B,2630.0000,0.0000,0.0000,0.0000,0.0000,2718.0000,0.0000,0.0000,0.0000,0.0000,1,0,0,0,0,1,0,0,0,0
zc,ER207,2012-06-27 12:27:13.207,2630.0000,6,0,0.0000,0.0000,0,0,¶à»»,B,2630.0000,0.0000,0.0000,0.0000,0.0000,2718.0000,0.0000,0.0000,0.0000,0.0000,1,0,0,0,0,1,0,0,0,0
zc,ER207,2012-06-27 12:28:13.223,2630.0000,6,0,0.0000,0.0000,0,0,¶à»»,B,2630.0000,0.0000,0.0000,0.0000,0.0000,2718.0000,0.0000,0.0000,0.0000,0.0000,1,0,0,0,0,1,0,0,0,0
zc,ER207,2012-06-27 12:29:13.223,2630.0000,6,0,0.0000,0.0000,0,0,¶à»»,B,2630.0000,0.0000,0.0000,0.0000,0.0000,2718.0000,0.0000,0.0000,0.0000,0.0000,1,0,0,0,0,1,0,0,0,0
zc,ER207,2012-06-27 12:30:13.223,2630.0000,6,0,0.0000,0.0000,0,0,¶à»»,B,2630.0000,0.0000,0.0000,0.0000,0.0000,2718.0000,0.0000,0.0000,0.0000,0.0000,1,0,0,0,0,1,0,0,0,0
zc,ER207,2012-06-27 12:31:13.223,2630.0000,6,0,0.0000,0.0000,0,0,¶à»»,B,2630.0000,0.0000,0.0000,0.0000,0.0000,2718.0000,0.0000,0.0000,0.0000,0.0000,1,0,0,0,0,1,0,0,0,0
zc,ER207,2012-06-27 12:32:13.223,2630.0000,6,0,0.0000,0.0000,0,0,¶à»»,B,2630.0000,0.0000,0.0000,0.0000,0.0000,2718.0000,0.0000,0.0000,0.0000,0.0000,1,0,0,0,0,1,0,0,0,0
zc,ER207,2012-06-27 12:33:13.223,2630.0000,6,0,0.0000,0.0000,0,0,¶à»»,B,2630.0000,0.0000,0.0000,0.0000,0.0000,2718.0000,0.0000,0.0000,0.0000,0.0000,1,0,0,0,0,1,0,0,0,0
zc,ER207,2012-06-27 12:34:13.237,2630.0000,6,0,0.0000,0.0000,0,0,¶à»»,B,2630.0000,0.0000,0.0000,0.0000,0.0000,2718.0000,0.0000,0.0000,0.0000,0.0000,1,0,0,0,0,1,0,0,0,0
zc,ER207,2012-06-27 12:35:13.237,2630.0000,6,0,0.0000,0.0000,0,0,¶à»»,B,2630.0000,0.0000,0.0000,0.0000,0.0000,2718.0000,0.0000,0.0000,0.0000,0.0000,1,0,0,0,0,1,0,0,0,0
zc,ER207,2012-06-27 12:36:13.237,2630.0000,6,0,0.0000,0.0000,0,0,¶à»»,B,2630.0000,0.0000,0.0000,0.0000,0.0000,2718.0000,0.0000,0.0000,0.0000,0.0000,1,0,0,0,0,1,0,0,0,0
zc,ER207,2012-06-27 12:37:13.223,2630.0000,6,0,0.0000,0.0000,0,0,¶à»»,B,2630.0000,0.0000,0.0000,0.0000,0.0000,2718.0000,0.0000,0.0000,0.0000,0.0000,1,0,0,0,0,1,0,0,0,0
zc,ER207,2012-06-27 12:38:13.223,2630.0000,6,0,0.0000,0.0000,0,0,¶à»»,B,2630.0000,0.0000,0.0000,0.0000,0.0000,2718.0000,0.0000,0.0000,0.0000,0.0000,1,0,0,0,0,1,0,0,0,0
zc,ER207,2012-06-27 12:39:13.223,2630.0000,6,0,0.0000,0.0000,0,0,¶à»»,B,2630.0000,0.0000,0.0000,0.0000,0.0000,2718.0000,0.0000,0.0000,0.0000,0.0000,1,0,0,0,0,1,0,0,0,0
zc,ER207,2012-06-27 12:40:13.223,2630.0000,6,0,0.0000,0.0000,0,0,¶à»»,B,2630.0000,0.0000,0.0000,0.0000,0.0000,2718.0000,0.0000,0.0000,0.0000,0.0000,1,0,0,0,0,1,0,0,0,0
zc,ER207,2012-06-27 12:41:13.223,2630.0000,6,0,0.0000,0.0000,0,0,¶à»»,B,2630.0000,0.0000,0.0000,0.0000,0.0000,2718.0000,0.0000,0.0000,0.0000,0.0000,1,0,0,0,0,1,0,0,0,0
zc,ER207,2012-06-27 12:42:13.223,2630.0000,6,0,0.0000,0.0000,0,0,¶à»»,B,2630.0000,0.0000,0.0000,0.0000,0.0000,2718.0000,0.0000,0.0000,0.0000,0.0000,1,0,0,0,0,1,0,0,0,0
zc,ER207,2012-06-27 12:43:13.223,2630.0000,6,0,0.0000,0.0000,0,0,¶à»»,B,2630.0000,0.0000,0.0000,0.0000,0.0000,2718.0000,0.0000,0.0000,0.0000,0.0000,1,0,0,0,0,1,0,0,0,0
zc,ER207,2012-06-27 12:44:13.223,2630.0000,6,0,0.0000,0.0000,0,0,¶à»»,B,2630.0000,0.0000,0.0000,0.0000,0.0000,2718.0000,0.0000,0.0000,0.0000,0.0000,1,0,0,0,0,1,0,0,0,0
zc,ER207,2012-06-27 12:45:13.223,2630.0000,6,0,0.0000,0.0000,0,0,¶à»»,B,2630.0000,0.0000,0.0000,0.0000,0.0000,2718.0000,0.0000,0.0000,0.0000,0.0000,1,0,0,0,0,1,0,0,0,0
zc,ER207,2012-06-27 12:46:13.223,2630.0000,6,0,0.0000,0.0000,0,0,¶à»»,B,2630.0000,0.0000,0.0000,0.0000,0.0000,2718.0000,0.0000,0.0000,0.0000,0.0000,1,0,0,0,0,1,0,0,0,0
zc,ER207,2012-06-27 12:47:13.223,2630.0000,6,0,0.0000,0.0000,0,0,¶à»»,B,2630.0000,0.0000,0.0000,0.0000,0.0000,2718.0000,0.0000,0.0000,0.0000,0.0000,1,0,0,0,0,1,0,0,0,0
zc,ER207,2012-06-27 12:48:13.223,2630.0000,6,0,0.0000,0.0000,0,0,¶à»»,B,2630.0000,0.0000,0.0000,0.0000,0.0000,2718.0000,0.0000,0.0000,0.0000,0.0000,1,0,0,0,0,1,0,0,0,0
zc,ER207,2012-06-27 12:49:13.223,2630.0000,6,0,0.0000,0.0000,0,0,¶à»»,B,2630.0000,0.0000,0.0000,0.0000,0.0000,2718.0000,0.0000,0.0000,0.0000,0.0000,1,0,0,0,0,1,0,0,0,0
zc,ER207,2012-06-27 12:50:13.223,2630.0000,6,0,0.0000,0.0000,0,0,¶à»»,B,2630.0000,0.0000,0.0000,0.0000,0.0000,2718.0000,0.0000,0.0000,0.0000,0.0000,1,0,0,0,0,1,0,0,0,0
zc,ER207,2012-06-27 12:51:13.223,2630.0000,6,0,0.0000,0.0000,0,0,¶à»»,B,2630.0000,0.0000,0.0000,0.0000,0.0000,2718.0000,0.0000,0.0000,0.0000,0.0000,1,0,0,0,0,1,0,0,0,0
zc,ER207,2012-06-27 12:52:13.223,2630.0000,6,0,0.0000,0.0000,0,0,¶à»»,B,2630.0000,0.0000,0.0000,0.0000,0.0000,2718.0000,0.0000,0.0000,0.0000,0.0000,1,0,0,0,0,1,0,0,0,0
zc,ER207,2012-06-27 12:53:13.223,2630.0000,6,0,0.0000,0.0000,0,0,¶à»»,B,2630.0000,0.0000,0.0000,0.0000,0.0000,2718.0000,0.0000,0.0000,0.0000,0.0000,1,0,0,0,0,1,0,0,0,0
zc,ER207,2012-06-27 12:54:13.207,2630.0000,6,0,0.0000,0.0000,0,0,¶à»»,B,2630.0000,0.0000,0.0000,0.0000,0.0000,2718.0000,0.0000,0.0000,0.0000,0.0000,1,0,0,0,0,1,0,0,0,0
zc,ER207,2012-06-27 12:55:13.207,2630.0000,6,0,0.0000,0.0000,0,0,¶à»»,B,2630.0000,0.0000,0.0000,0.0000,0.0000,2718.0000,0.0000,0.0000,0.0000,0.0000,1,0,0,0,0,1,0,0,0,0
zc,ER207,2012-06-27 12:56:13.207,2630.0000,6,0,0.0000,0.0000,0,0,¶à»»,B,2630.0000,0.0000,0.0000,0.0000,0.0000,2718.0000,0.0000,0.0000,0.0000,0.0000,1,0,0,0,0,1,0,0,0,0
zc,ER207,2012-06-27 12:57:13.207,2630.0000,6,0,0.0000,0.0000,0,0,¶à»»,B,2630.0000,0.0000,0.0000,0.0000,0.0000,2718.0000,0.0000,0.0000,0.0000,0.0000,1,0,0,0,0,1,0,0,0,0
zc,ER207,2012-06-27 12:58:13.207,2630.0000,6,0,0.0000,0.0000,0,0,¶à»»,B,2630.0000,0.0000,0.0000,0.0000,0.0000,2718.0000,0.0000,0.0000,0.0000,0.0000,1,0,0,0,0,1,0,0,0,0
zc,ER207,2012-06-27 12:59:13.207,2630.0000,6,0,0.0000,0.0000,0,0,¶à»»,B,2630.0000,0.0000,0.0000,0.0000,0.0000,2718.0000,0.0000,0.0000,0.0000,0.0000,1,0,0,0,0,1,0,0,0,0
zc,ER207,2012-06-27 13:00:13.207,2630.0000,6,0,0.0000,0.0000,0,0,¶à»»,B,2630.0000,0.0000,0.0000,0.0000,0.0000,2718.0000,0.0000,0.0000,0.0000,0.0000,1,0,0,0,0,1,0,0,0,0
zc,ER207,2012-06-27 13:01:13.207,2630.0000,6,0,0.0000,0.0000,0,0,¶à»»,B,2630.0000,0.0000,0.0000,0.0000,0.0000,2718.0000,0.0000,0.0000,0.0000,0.0000,1,0,0,0,0,1,0,0,0,0
zc,ER207,2012-06-27 13:02:13.207,2630.0000,6,0,0.0000,0.0000,0,0,¶à»»,B,2630.0000,0.0000,0.0000,0.0000,0.0000,2718.0000,0.0000,0.0000,0.0000,0.0000,1,0,0,0,0,1,0,0,0,0
zc,ER207,2012-06-27 13:03:13.207,2630.0000,6,0,0.0000,0.0000,0,0,¶à»»,B,2630.0000,0.0000,0.0000,0.0000,0.0000,2718.0000,0.0000,0.0000,0.0000,0.0000,1,0,0,0,0,1,0,0,0,0
zc,ER207,2012-06-27 13:04:13.207,2630.0000,6,0,0.0000,0.0000,0,0,¶à»»,B,2630.0000,0.0000,0.0000,0.0000,0.0000,2718.0000,0.0000,0.0000,0.0000,0.0000,1,0,0,0,0,1,0,0,0,0
zc,ER207,2012-06-27 13:05:13.207,2630.0000,6,0,0.0000,0.0000,0,0,¶à»»,B,2630.0000,0.0000,0.0000,0.0000,0.0000,2718.0000,0.0000,0.0000,0.0000,0.0000,1,0,0,0,0,1,0,0,0,0
zc,ER207,2012-06-27 13:06:13.207,2630.0000,6,0,0.0000,0.0000,0,0,¶à»»,B,2630.0000,0.0000,0.0000,0.0000,0.0000,2718.0000,0.0000,0.0000,0.0000,0.0000,1,0,0,0,0,1,0,0,0,0
zc,ER207,2012-06-27 13:07:13.207,2630.0000,6,0,0.0000,0.0000,0,0,¶à»»,B,2630.0000,0.0000,0.0000,0.0000,0.0000,2718.0000,0.0000,0.0000,0.0000,0.0000,1,0,0,0,0,1,0,0,0,0
zc,ER207,2012-06-27 13:08:13.207,2630.0000,6,0,0.0000,0.0000,0,0,¶à»»,B,2630.0000,0.0000,0.0000,0.0000,0.0000,2718.0000,0.0000,0.0000,0.0000,0.0000,1,0,0,0,0,1,0,0,0,0
zc,ER207,2012-06-27 13:09:13.190,2630.0000,6,0,0.0000,0.0000,0,0,¶à»»,B,2630.0000,0.0000,0.0000,0.0000,0.0000,2718.0000,0.0000,0.0000,0.0000,0.0000,1,0,0,0,0,1,0,0,0,0
zc,ER207,2012-06-27 13:10:13.190,2630.0000,6,0,0.0000,0.0000,0,0,¶à»»,B,2630.0000,0.0000,0.0000,0.0000,0.0000,2718.0000,0.0000,0.0000,0.0000,0.0000,1,0,0,0,0,1,0,0,0,0
zc,ER207,2012-06-27 13:11:13.190,2630.0000,6,0,0.0000,0.0000,0,0,¶à»»,B,2630.0000,0.0000,0.0000,0.0000,0.0000,2718.0000,0.0000,0.0000,0.0000,0.0000,1,0,0,0,0,1,0,0,0,0
zc,ER207,2012-06-27 13:12:13.190,2630.0000,6,0,0.0000,0.0000,0,0,¶à»»,B,2630.0000,0.0000,0.0000,0.0000,0.0000,2718.0000,0.0000,0.0000,0.0000,0.0000,1,0,0,0,0,1,0,0,0,0
zc,ER207,2012-06-27 13:13:13.190,2630.0000,6,0,0.0000,0.0000,0,0,¶à»»,B,2630.0000,0.0000,0.0000,0.0000,0.0000,2718.0000,0.0000,0.0000,0.0000,0.0000,1,0,0,0,0,1,0,0,0,0
zc,ER207,2012-06-27 13:14:13.190,2630.0000,6,0,0.0000,0.0000,0,0,¶à»»,B,2630.0000,0.0000,0.0000,0.0000,0.0000,2718.0000,0.0000,0.0000,0.0000,0.0000,1,0,0,0,0,1,0,0,0,0
zc,ER207,2012-06-27 13:15:13.190,2630.0000,6,0,0.0000,0.0000,0,0,¶à»»,B,2630.0000,0.0000,0.0000,0.0000,0.0000,2718.0000,0.0000,0.0000,0.0000,0.0000,1,0,0,0,0,1,0,0,0,0
zc,ER207,2012-06-27 13:16:13.207,2630.0000,6,0,0.0000,0.0000,0,0,¶à»»,B,2630.0000,0.0000,0.0000,0.0000,0.0000,2718.0000,0.0000,0.0000,0.0000,0.0000,1,0,0,0,0,1,0,0,0,0
zc,ER207,2012-06-27 13:17:13.190,2630.0000,6,0,0.0000,0.0000,0,0,¶à»»,B,2630.0000,0.0000,0.0000,0.0000,0.0000,2718.0000,0.0000,0.0000,0.0000,0.0000,1,0,0,0,0,1,0,0,0,0
zc,ER207,2012-06-27 13:18:13.207,2630.0000,6,0,0.0000,0.0000,0,0,¶à»»,B,2630.0000,0.0000,0.0000,0.0000,0.0000,2718.0000,0.0000,0.0000,0.0000,0.0000,1,0,0,0,0,1,0,0,0,0
zc,ER207,2012-06-27 13:19:13.190,2630.0000,6,0,0.0000,0.0000,0,0,¶à»»,B,2630.0000,0.0000,0.0000,0.0000,0.0000,2718.0000,0.0000,0.0000,0.0000,0.0000,1,0,0,0,0,1,0,0,0,0
zc,ER207,2012-06-27 13:20:13.190,2630.0000,6,0,0.0000,0.0000,0,0,¶à»»,B,2630.0000,0.0000,0.0000,0.0000,0.0000,2718.0000,0.0000,0.0000,0.0000,0.0000,1,0,0,0,0,1,0,0,0,0
zc,ER207,2012-06-27 13:21:13.190,2630.0000,6,0,0.0000,0.0000,0,0,¶à»»,B,2630.0000,0.0000,0.0000,0.0000,0.0000,2718.0000,0.0000,0.0000,0.0000,0.0000,1,0,0,0,0,1,0,0,0,0
zc,ER207,2012-06-27 13:22:13.190,2630.0000,6,0,0.0000,0.0000,0,0,¶à»»,B,2630.0000,0.0000,0.0000,0.0000,0.0000,2718.0000,0.0000,0.0000,0.0000,0.0000,1,0,0,0,0,1,0,0,0,0
zc,ER207,2012-06-27 13:23:13.190,2630.0000,6,0,0.0000,0.0000,0,0,¶à»»,B,2630.0000,0.0000,0.0000,0.0000,0.0000,2718.0000,0.0000,0.0000,0.0000,0.0000,1,0,0,0,0,1,0,0,0,0
zc,ER207,2012-06-27 13:24:13.190,2630.0000,6,0,0.0000,0.0000,0,0,¶à»»,B,2630.0000,0.0000,0.0000,0.0000,0.0000,2718.0000,0.0000,0.0000,0.0000,0.0000,1,0,0,0,0,1,0,0,0,0
zc,ER207,2012-06-27 13:25:13.190,2630.0000,6,0,0.0000,0.0000,0,0,¶à»»,B,2630.0000,0.0000,0.0000,0.0000,0.0000,2718.0000,0.0000,0.0000,0.0000,0.0000,1,0,0,0,0,1,0,0,0,0
zc,ER207,2012-06-27 13:26:13.177,2630.0000,6,0,0.0000,0.0000,0,0,¶à»»,B,2630.0000,0.0000,0.0000,0.0000,0.0000,2718.0000,0.0000,0.0000,0.0000,0.0000,1,0,0,0,0,1,0,0,0,0
zc,ER207,2012-06-27 13:27:13.177,2630.0000,6,0,0.0000,0.0000,0,0,¶à»»,B,2630.0000,0.0000,0.0000,0.0000,0.0000,2718.0000,0.0000,0.0000,0.0000,0.0000,1,0,0,0,0,1,0,0,0,0
zc,ER207,2012-06-27 13:28:13.177,2630.0000,6,0,0.0000,0.0000,0,0,¶à»»,B,2630.0000,0.0000,0.0000,0.0000,0.0000,2718.0000,0.0000,0.0000,0.0000,0.0000,1,0,0,0,0,1,0,0,0,0
zc,ER207,2012-06-27 13:29:13.190,2630.0000,6,0,0.0000,0.0000,0,0,¶à»»,B,2630.0000,0.0000,0.0000,0.0000,0.0000,2718.0000,0.0000,0.0000,0.0000,0.0000,1,0,0,0,0,1,0,0,0,0
zc,ER207,2012-06-27 13:30:13.177,2630.0000,6,0,0.0000,0.0000,0,0,¶à»»,B,2630.0000,0.0000,0.0000,0.0000,0.0000,2718.0000,0.0000,0.0000,0.0000,0.0000,1,0,0,0,0,1,0,0,0,0
zc,ER207,2012-06-27 13:31:13.177,2630.0000,6,0,0.0000,0.0000,0,0,¶à»»,B,2630.0000,0.0000,0.0000,0.0000,0.0000,2718.0000,0.0000,0.0000,0.0000,0.0000,1,0,0,0,0,1,0,0,0,0
zc,ER207,2012-06-27 13:32:13.177,2630.0000,6,0,0.0000,0.0000,0,0,¶à»»,B,2630.0000,0.0000,0.0000,0.0000,0.0000,2718.0000,0.0000,0.0000,0.0000,0.0000,1,0,0,0,0,1,0,0,0,0
zc,ER207,2012-06-27 13:33:13.177,2630.0000,6,0,0.0000,0.0000,0,0,¶à»»,B,2630.0000,0.0000,0.0000,0.0000,0.0000,2718.0000,0.0000,0.0000,0.0000,0.0000,1,0,0,0,0,1,0,0,0,0
zc,ER207,2012-06-27 13:34:13.177,2630.0000,6,0,0.0000,0.0000,0,0,¶à»»,B,2630.0000,0.0000,0.0000,0.0000,0.0000,2718.0000,0.0000,0.0000,0.0000,0.0000,1,0,0,0,0,1,0,0,0,0
zc,ER207,2012-06-27 13:35:13.177,2630.0000,6,0,0.0000,0.0000,0,0,¶à»»,B,2630.0000,0.0000,0.0000,0.0000,0.0000,2718.0000,0.0000,0.0000,0.0000,0.0000,1,0,0,0,0,1,0,0,0,0
zc,ER207,2012-06-27 13:36:13.177,2630.0000,6,0,0.0000,0.0000,0,0,¶à»»,B,2630.0000,0.0000,0.0000,0.0000,0.0000,2718.0000,0.0000,0.0000,0.0000,0.0000,1,0,0,0,0,1,0,0,0,0
zc,ER207,2012-06-27 13:37:13.177,2630.0000,6,0,0.0000,0.0000,0,0,¶à»»,B,2630.0000,0.0000,0.0000,0.0000,0.0000,2718.0000,0.0000,0.0000,0.0000,0.0000,1,0,0,0,0,1,0,0,0,0
zc,ER207,2012-06-27 13:38:13.177,2630.0000,6,0,0.0000,0.0000,0,0,¶à»»,B,2630.0000,0.0000,0.0000,0.0000,0.0000,2718.0000,0.0000,0.0000,0.0000,0.0000,1,0,0,0,0,1,0,0,0,0
zc,ER207,2012-06-27 13:39:13.177,2630.0000,6,0,0.0000,0.0000,0,0,¶à»»,B,2630.0000,0.0000,0.0000,0.0000,0.0000,2718.0000,0.0000,0.0000,0.0000,0.0000,1,0,0,0,0,1,0,0,0,0
zc,ER207,2012-06-27 13:40:13.177,2630.0000,6,0,0.0000,0.0000,0,0,¶à»»,B,2630.0000,0.0000,0.0000,0.0000,0.0000,2718.0000,0.0000,0.0000,0.0000,0.0000,1,0,0,0,0,1,0,0,0,0
zc,ER207,2012-06-27 13:41:13.160,2630.0000,6,0,0.0000,0.0000,0,0,¶à»»,B,2630.0000,0.0000,0.0000,0.0000,0.0000,2718.0000,0.0000,0.0000,0.0000,0.0000,1,0,0,0,0,1,0,0,0,0
zc,ER207,2012-06-27 13:42:13.160,2630.0000,6,0,0.0000,0.0000,0,0,¶à»»,B,2630.0000,0.0000,0.0000,0.0000,0.0000,2718.0000,0.0000,0.0000,0.0000,0.0000,1,0,0,0,0,1,0,0,0,0
zc,ER207,2012-06-27 13:43:13.160,2630.0000,6,0,0.0000,0.0000,0,0,¶à»»,B,2630.0000,0.0000,0.0000,0.0000,0.0000,2718.0000,0.0000,0.0000,0.0000,0.0000,1,0,0,0,0,1,0,0,0,0
zc,ER207,2012-06-27 13:44:13.160,2630.0000,6,0,0.0000,0.0000,0,0,¶à»»,B,2630.0000,0.0000,0.0000,0.0000,0.0000,2718.0000,0.0000,0.0000,0.0000,0.0000,1,0,0,0,0,1,0,0,0,0
zc,ER207,2012-06-27 13:45:13.160,2630.0000,6,0,0.0000,0.0000,0,0,¶à»»,B,2630.0000,0.0000,0.0000,0.0000,0.0000,2718.0000,0.0000,0.0000,0.0000,0.0000,1,0,0,0,0,1,0,0,0,0
zc,ER207,2012-06-27 13:46:13.160,2630.0000,6,0,0.0000,0.0000,0,0,¶à»»,B,2630.0000,0.0000,0.0000,0.0000,0.0000,2718.0000,0.0000,0.0000,0.0000,0.0000,1,0,0,0,0,1,0,0,0,0
zc,ER207,2012-06-27 13:47:13.177,2630.0000,6,0,0.0000,0.0000,0,0,¶à»»,B,2630.0000,0.0000,0.0000,0.0000,0.0000,2718.0000,0.0000,0.0000,0.0000,0.0000,1,0,0,0,0,1,0,0,0,0
zc,ER207,2012-06-27 13:48:13.160,2630.0000,6,0,0.0000,0.0000,0,0,¶à»»,B,2630.0000,0.0000,0.0000,0.0000,0.0000,2718.0000,0.0000,0.0000,0.0000,0.0000,1,0,0,0,0,1,0,0,0,0
zc,ER207,2012-06-27 13:48:28.627,2630.0000,6,0,0.0000,0.0000,0,0,¶à»»,B,2630.0000,0.0000,0.0000,0.0000,0.0000,2720.0000,0.0000,0.0000,0.0000,0.0000,1,0,0,0,0,1,0,0,0,0
zc,ER207,2012-06-27 13:49:13.160,2630.0000,6,0,0.0000,0.0000,0,0,¶à»»,B,2630.0000,0.0000,0.0000,0.0000,0.0000,2720.0000,0.0000,0.0000,0.0000,0.0000,1,0,0,0,0,1,0,0,0,0
zc,ER207,2012-06-27 13:50:13.160,2630.0000,6,0,0.0000,0.0000,0,0,¶à»»,B,2630.0000,0.0000,0.0000,0.0000,0.0000,2720.0000,0.0000,0.0000,0.0000,0.0000,1,0,0,0,0,1,0,0,0,0
zc,ER207,2012-06-27 13:51:13.160,2630.0000,6,0,0.0000,0.0000,0,0,¶à»»,B,2630.0000,0.0000,0.0000,0.0000,0.0000,2720.0000,0.0000,0.0000,0.0000,0.0000,1,0,0,0,0,1,0,0,0,0
zc,ER207,2012-06-27 13:52:13.160,2630.0000,6,0,0.0000,0.0000,0,0,¶à»»,B,2630.0000,0.0000,0.0000,0.0000,0.0000,2720.0000,0.0000,0.0000,0.0000,0.0000,1,0,0,0,0,1,0,0,0,0
zc,ER207,2012-06-27 13:53:13.160,2630.0000,6,0,0.0000,0.0000,0,0,¶à»»,B,2630.0000,0.0000,0.0000,0.0000,0.0000,2720.0000,0.0000,0.0000,0.0000,0.0000,1,0,0,0,0,1,0,0,0,0
zc,ER207,2012-06-27 13:53:26.863,2630.0000,6,0,0.0000,0.0000,0,0,¶à»»,B,2630.0000,0.0000,0.0000,0.0000,0.0000,2718.0000,0.0000,0.0000,0.0000,0.0000,1,0,0,0,0,1,0,0,0,0
zc,ER207,2012-06-27 13:54:13.160,2630.0000,6,0,0.0000,0.0000,0,0,¶à»»,B,2630.0000,0.0000,0.0000,0.0000,0.0000,2718.0000,0.0000,0.0000,0.0000,0.0000,1,0,0,0,0,1,0,0,0,0
zc,ER207,2012-06-27 13:55:13.160,2630.0000,6,0,0.0000,0.0000,0,0,¶à»»,B,2630.0000,0.0000,0.0000,0.0000,0.0000,2718.0000,0.0000,0.0000,0.0000,0.0000,1,0,0,0,0,1,0,0,0,0
zc,ER207,2012-06-27 13:56:13.160,2630.0000,6,0,0.0000,0.0000,0,0,¶à»»,B,2630.0000,0.0000,0.0000,0.0000,0.0000,2718.0000,0.0000,0.0000,0.0000,0.0000,1,0,0,0,0,1,0,0,0,0
zc,ER207,2012-06-27 13:57:13.160,2630.0000,6,0,0.0000,0.0000,0,0,¶à»»,B,2630.0000,0.0000,0.0000,0.0000,0.0000,2718.0000,0.0000,0.0000,0.0000,0.0000,1,0,0,0,0,1,0,0,0,0
zc,ER207,2012-06-27 13:58:13.160,2630.0000,6,0,0.0000,0.0000,0,0,¶à»»,B,2630.0000,0.0000,0.0000,0.0000,0.0000,2718.0000,0.0000,0.0000,0.0000,0.0000,1,0,0,0,0,1,0,0,0,0
zc,ER207,2012-06-27 13:59:13.143,2630.0000,6,0,0.0000,0.0000,0,0,¶à»»,B,2630.0000,0.0000,0.0000,0.0000,0.0000,2718.0000,0.0000,0.0000,0.0000,0.0000,1,0,0,0,0,1,0,0,0,0
zc,ER207,2012-06-27 14:00:13.143,2630.0000,6,0,0.0000,0.0000,0,0,¶à»»,B,2630.0000,0.0000,0.0000,0.0000,0.0000,2718.0000,0.0000,0.0000,0.0000,0.0000,1,0,0,0,0,1,0,0,0,0
zc,ER207,2012-06-27 14:00:21.113,2630.0000,4,-2,0.0000,2.0000,0,2,Ë«Æ½,B,2611.0000,0.0000,0.0000,0.0000,0.0000,2630.0000,0.0000,0.0000,0.0000,0.0000,1,0,0,0,0,1,0,0,0,0
zc,ER207,2012-06-27 14:00:57.363,2611.0000,4,0,0.0000,2.0000,1,1,¿Õ»»,S,2610.0000,0.0000,0.0000,0.0000,0.0000,2718.0000,0.0000,0.0000,0.0000,0.0000,2,0,0,0,0,1,0,0,0,0
zc,ER207,2012-06-27 14:01:11.863,2611.0000,4,0,0.0000,0.0000,0,0,¿Õ»»,S,2610.0000,0.0000,0.0000,0.0000,0.0000,2717.0000,0.0000,0.0000,0.0000,0.0000,2,0,0,0,0,1,0,0,0,0
zc,ER207,2012-06-27 14:01:13.143,2611.0000,4,0,0.0000,0.0000,0,0,¿Õ»»,S,2610.0000,0.0000,0.0000,0.0000,0.0000,2717.0000,0.0000,0.0000,0.0000,0.0000,2,0,0,0,0,1,0,0,0,0
zc,ER207,2012-06-27 14:02:13.143,2611.0000,4,0,0.0000,0.0000,0,0,¿Õ»»,S,2610.0000,0.0000,0.0000,0.0000,0.0000,2717.0000,0.0000,0.0000,0.0000,0.0000,2,0,0,0,0,1,0,0,0,0
zc,ER207,2012-06-27 14:02:18.613,2611.0000,4,0,0.0000,0.0000,0,0,¿Õ»»,S,2610.0000,0.0000,0.0000,0.0000,0.0000,2718.0000,0.0000,0.0000,0.0000,0.0000,2,0,0,0,0,1,0,0,0,0
zc,ER207,2012-06-27 14:02:20.613,2611.0000,4,0,0.0000,0.0000,0,0,¿Õ»»,S,2610.0000,0.0000,0.0000,0.0000,0.0000,2674.0000,0.0000,0.0000,0.0000,0.0000,2,0,0,0,0,1,0,0,0,0
zc,ER207,2012-06-27 14:02:41.863,2611.0000,4,0,0.0000,0.0000,0,0,¿Õ»»,S,2573.0000,0.0000,0.0000,0.0000,0.0000,2674.0000,0.0000,0.0000,0.0000,0.0000,7,0,0,0,0,1,0,0,0,0
zc,ER207,2012-06-27 14:02:42.863,2611.0000,4,0,0.0000,0.0000,0,0,¿Õ»»,S,2573.0000,0.0000,0.0000,0.0000,0.0000,2674.0000,0.0000,0.0000,0.0000,0.0000,1,0,0,0,0,1,0,0,0,0
zc,ER207,2012-06-27 14:02:45.613,2611.0000,4,0,0.0000,0.0000,0,0,¿Õ»»,S,2573.0000,0.0000,0.0000,0.0000,0.0000,2674.0000,0.0000,0.0000,0.0000,0.0000,7,0,0,0,0,1,0,0,0,0
zc,ER207,2012-06-27 14:02:47.377,2611.0000,4,0,0.0000,0.0000,0,0,¿Õ»»,S,2573.0000,0.0000,0.0000,0.0000,0.0000,2674.0000,0.0000,0.0000,0.0000,0.0000,1,0,0,0,0,1,0,0,0,0
zc,ER207,2012-06-27 14:02:49.613,2611.0000,4,0,0.0000,0.0000,0,0,¿Õ»»,S,2615.0000,0.0000,0.0000,0.0000,0.0000,2674.0000,0.0000,0.0000,0.0000,0.0000,1,0,0,0,0,1,0,0,0,0
zc,ER207,2012-06-27 14:03:13.143,2611.0000,4,0,0.0000,0.0000,0,0,¿Õ»»,S,2615.0000,0.0000,0.0000,0.0000,0.0000,2674.0000,0.0000,0.0000,0.0000,0.0000,1,0,0,0,0,1,0,0,0,0
zc,ER207,2012-06-27 14:03:29.363,2611.0000,4,0,0.0000,0.0000,0,0,¿Õ»»,S,2620.0000,0.0000,0.0000,0.0000,0.0000,2674.0000,0.0000,0.0000,0.0000,0.0000,1,0,0,0,0,1,0,0,0,0
zc,ER207,2012-06-27 14:04:13.143,2611.0000,4,0,0.0000,0.0000,0,0,¿Õ»»,S,2620.0000,0.0000,0.0000,0.0000,0.0000,2674.0000,0.0000,0.0000,0.0000,0.0000,1,0,0,0,0,1,0,0,0,0
zc,ER207,2012-06-27 14:05:13.143,2611.0000,4,0,0.0000,0.0000,0,0,¿Õ»»,S,2620.0000,0.0000,0.0000,0.0000,0.0000,2674.0000,0.0000,0.0000,0.0000,0.0000,1,0,0,0,0,1,0,0,0,0
zc,ER207,2012-06-27 14:06:13.143,2611.0000,4,0,0.0000,0.0000,0,0,¿Õ»»,S,2620.0000,0.0000,0.0000,0.0000,0.0000,2674.0000,0.0000,0.0000,0.0000,0.0000,1,0,0,0,0,1,0,0,0,0
zc,ER207,2012-06-27 14:07:13.143,2611.0000,4,0,0.0000,0.0000,0,0,¿Õ»»,S,2620.0000,0.0000,0.0000,0.0000,0.0000,2674.0000,0.0000,0.0000,0.0000,0.0000,1,0,0,0,0,1,0,0,0,0
zc,ER207,2012-06-27 14:08:13.143,2611.0000,4,0,0.0000,0.0000,0,0,¿Õ»»,S,2620.0000,0.0000,0.0000,0.0000,0.0000,2674.0000,0.0000,0.0000,0.0000,0.0000,1,0,0,0,0,1,0,0,0,0
zc,ER207,2012-06-27 14:09:13.143,2611.0000,4,0,0.0000,0.0000,0,0,¿Õ»»,S,2620.0000,0.0000,0.0000,0.0000,0.0000,2674.0000,0.0000,0.0000,0.0000,0.0000,1,0,0,0,0,1,0,0,0,0
zc,ER207,2012-06-27 14:10:13.190,2611.0000,4,0,0.0000,0.0000,0,0,¿Õ»»,S,2620.0000,0.0000,0.0000,0.0000,0.0000,2674.0000,0.0000,0.0000,0.0000,0.0000,1,0,0,0,0,1,0,0,0,0
zc,ER207,2012-06-27 14:11:13.190,2611.0000,4,0,0.0000,0.0000,0,0,¿Õ»»,S,2620.0000,0.0000,0.0000,0.0000,0.0000,2674.0000,0.0000,0.0000,0.0000,0.0000,1,0,0,0,0,1,0,0,0,0
zc,ER207,2012-06-27 14:12:13.190,2611.0000,4,0,0.0000,0.0000,0,0,¿Õ»»,S,2620.0000,0.0000,0.0000,0.0000,0.0000,2674.0000,0.0000,0.0000,0.0000,0.0000,1,0,0,0,0,1,0,0,0,0
zc,ER207,2012-06-27 14:13:11.143,2611.0000,4,0,0.0000,0.0000,0,0,¿Õ»»,S,2573.0000,0.0000,0.0000,0.0000,0.0000,2674.0000,0.0000,0.0000,0.0000,0.0000,1,0,0,0,0,1,0,0,0,0
zc,ER207,2012-06-27 14:13:13.177,2611.0000,4,0,0.0000,0.0000,0,0,¿Õ»»,S,2573.0000,0.0000,0.0000,0.0000,0.0000,2674.0000,0.0000,0.0000,0.0000,0.0000,1,0,0,0,0,1,0,0,0,0
zc,ER207,2012-06-27 14:13:28.643,2611.0000,4,0,0.0000,0.0000,0,0,¿Õ»»,S,2615.0000,0.0000,0.0000,0.0000,0.0000,2674.0000,0.0000,0.0000,0.0000,0.0000,1,0,0,0,0,1,0,0,0,0
zc,ER207,2012-06-27 14:14:13.190,2611.0000,4,0,0.0000,0.0000,0,0,¿Õ»»,S,2615.0000,0.0000,0.0000,0.0000,0.0000,2674.0000,0.0000,0.0000,0.0000,0.0000,1,0,0,0,0,1,0,0,0,0
zc,ER207,2012-06-27 14:14:27.143,2611.0000,4,0,0.0000,0.0000,0,0,¿Õ»»,S,2615.0000,0.0000,0.0000,0.0000,0.0000,2720.0000,0.0000,0.0000,0.0000,0.0000,1,0,0,0,0,1,0,0,0,0
zc,ER207,2012-06-27 14:14:31.643,2611.0000,4,0,0.0000,0.0000,0,0,¿Õ»»,S,2615.0000,0.0000,0.0000,0.0000,0.0000,2644.0000,0.0000,0.0000,0.0000,0.0000,1,0,0,0,0,1,0,0,0,0
zc,ER207,2012-06-27 14:15:13.177,2611.0000,4,0,0.0000,0.0000,0,0,¿Õ»»,S,2615.0000,0.0000,0.0000,0.0000,0.0000,2644.0000,0.0000,0.0000,0.0000,0.0000,1,0,0,0,0,1,0,0,0,0
zc,ER207,2012-06-27 14:16:07.160,2611.0000,4,0,0.0000,0.0000,0,0,¿Õ»»,S,2573.0000,0.0000,0.0000,0.0000,0.0000,2644.0000,0.0000,0.0000,0.0000,0.0000,1,0,0,0,0,1,0,0,0,0
zc,ER207,2012-06-27 14:16:13.190,2611.0000,4,0,0.0000,0.0000,0,0,¿Õ»»,S,2573.0000,0.0000,0.0000,0.0000,0.0000,2644.0000,0.0000,0.0000,0.0000,0.0000,1,0,0,0,0,1,0,0,0,0
zc,ER207,2012-06-27 14:16:20.910,2611.0000,4,0,0.0000,0.0000,0,0,¿Õ»»,S,2620.0000,0.0000,0.0000,0.0000,0.0000,2644.0000,0.0000,0.0000,0.0000,0.0000,1,0,0,0,0,1,0,0,0,0
zc,ER207,2012-06-27 14:17:13.190,2611.0000,4,0,0.0000,0.0000,0,0,¿Õ»»,S,2620.0000,0.0000,0.0000,0.0000,0.0000,2644.0000,0.0000,0.0000,0.0000,0.0000,1,0,0,0,0,1,0,0,0,0
zc,ER207,2012-06-27 14:17:49.910,2611.0000,4,0,0.0000,0.0000,0,0,¿Õ»»,S,2573.0000,0.0000,0.0000,0.0000,0.0000,2644.0000,0.0000,0.0000,0.0000,0.0000,1,0,0,0,0,1,0,0,0,0
zc,ER207,2012-06-27 14:18:04.660,2611.0000,4,0,0.0000,0.0000,0,0,¿Õ»»,S,2615.0000,0.0000,0.0000,0.0000,0.0000,2644.0000,0.0000,0.0000,0.0000,0.0000,1,0,0,0,0,1,0,0,0,0
zc,ER207,2012-06-27 14:18:13.190,2611.0000,4,0,0.0000,0.0000,0,0,¿Õ»»,S,2615.0000,0.0000,0.0000,0.0000,0.0000,2644.0000,0.0000,0.0000,0.0000,0.0000,1,0,0,0,0,1,0,0,0,0
zc,ER207,2012-06-27 14:19:13.190,2611.0000,4,0,0.0000,0.0000,0,0,¿Õ»»,S,2615.0000,0.0000,0.0000,0.0000,0.0000,2644.0000,0.0000,0.0000,0.0000,0.0000,1,0,0,0,0,1,0,0,0,0
zc,ER207,2012-06-27 14:20:13.190,2611.0000,4,0,0.0000,0.0000,0,0,¿Õ»»,S,2615.0000,0.0000,0.0000,0.0000,0.0000,2644.0000,0.0000,0.0000,0.0000,0.0000,1,0,0,0,0,1,0,0,0,0
zc,ER207,2012-06-27 14:21:13.190,2611.0000,4,0,0.0000,0.0000,0,0,¿Õ»»,S,2615.0000,0.0000,0.0000,0.0000,0.0000,2644.0000,0.0000,0.0000,0.0000,0.0000,1,0,0,0,0,1,0,0,0,0
zc,ER207,2012-06-27 14:22:13.190,2611.0000,4,0,0.0000,0.0000,0,0,¿Õ»»,S,2615.0000,0.0000,0.0000,0.0000,0.0000,2644.0000,0.0000,0.0000,0.0000,0.0000,1,0,0,0,0,1,0,0,0,0
zc,ER207,2012-06-27 14:23:12.160,2611.0000,4,0,0.0000,0.0000,0,0,¿Õ»»,S,2615.0000,0.0000,0.0000,0.0000,0.0000,2644.0000,0.0000,0.0000,0.0000,0.0000,4,0,0,0,0,1,0,0,0,0
zc,ER207,2012-06-27 14:23:13.190,2611.0000,4,0,0.0000,0.0000,0,0,¿Õ»»,S,2615.0000,0.0000,0.0000,0.0000,0.0000,2644.0000,0.0000,0.0000,0.0000,0.0000,4,0,0,0,0,1,0,0,0,0
zc,ER207,2012-06-27 14:23:22.643,2644.0000,2,-2,0.0000,2.0000,0,2,Ë«Æ½,B,2615.0000,0.0000,0.0000,0.0000,0.0000,2720.0000,0.0000,0.0000,0.0000,0.0000,4,0,0,0,0,1,0,0,0,0
zc,ER207,2012-06-27 14:23:23.393,2644.0000,2,0,0.0000,0.0000,0,0,¶à»»,B,2615.0000,0.0000,0.0000,0.0000,0.0000,2719.0000,0.0000,0.0000,0.0000,0.0000,4,0,0,0,0,6,0,0,0,0
zc,ER207,2012-06-27 14:23:32.893,2644.0000,2,0,0.0000,0.0000,0,0,¶à»»,B,2615.0000,0.0000,0.0000,0.0000,0.0000,2719.0000,0.0000,0.0000,0.0000,0.0000,3,0,0,0,0,6,0,0,0,0
zc,ER207,2012-06-27 14:23:33.143,2644.0000,2,0,0.0000,0.0000,0,0,¶à»»,B,2620.0000,0.0000,0.0000,0.0000,0.0000,2719.0000,0.0000,0.0000,0.0000,0.0000,1,0,0,0,0,6,0,0,0,0
zc,ER207,2012-06-27 14:24:04.660,2644.0000,2,0,0.0000,0.0000,0,0,¶à»»,B,2620.0000,0.0000,0.0000,0.0000,0.0000,2720.0000,0.0000,0.0000,0.0000,0.0000,1,0,0,0,0,1,0,0,0,0
zc,ER207,2012-06-27 14:24:05.160,2644.0000,2,0,0.0000,0.0000,0,0,¶à»»,B,2620.0000,0.0000,0.0000,0.0000,0.0000,2720.0000,0.0000,0.0000,0.0000,0.0000,1,0,0,0,0,7,0,0,0,0
zc,ER207,2012-06-27 14:24:07.910,2644.0000,2,0,0.0000,0.0000,0,0,¶à»»,B,2620.0000,0.0000,0.0000,0.0000,0.0000,2720.0000,0.0000,0.0000,0.0000,0.0000,1,0,0,0,0,1,0,0,0,0
zc,ER207,2012-06-27 14:24:13.190,2644.0000,2,0,0.0000,0.0000,0,0,¶à»»,B,2620.0000,0.0000,0.0000,0.0000,0.0000,2720.0000,0.0000,0.0000,0.0000,0.0000,1,0,0,0,0,1,0,0,0,0
zc,ER207,2012-06-27 14:25:11.410,2644.0000,2,0,0.0000,0.0000,0,0,¶à»»,B,2615.0000,0.0000,0.0000,0.0000,0.0000,2720.0000,0.0000,0.0000,0.0000,0.0000,3,0,0,0,0,1,0,0,0,0
zc,ER207,2012-06-27 14:25:13.207,2644.0000,2,0,0.0000,0.0000,0,0,¶à»»,B,2615.0000,0.0000,0.0000,0.0000,0.0000,2720.0000,0.0000,0.0000,0.0000,0.0000,3,0,0,0,0,1,0,0,0,0
zc,ER207,2012-06-27 14:25:16.643,2644.0000,2,0,0.0000,0.0000,0,0,¶à»»,B,2616.0000,0.0000,0.0000,0.0000,0.0000,2720.0000,0.0000,0.0000,0.0000,0.0000,1,0,0,0,0,1,0,0,0,0
zc,ER207,2012-06-27 14:25:28.143,2644.0000,2,0,0.0000,0.0000,0,0,¶à»»,B,2617.0000,0.0000,0.0000,0.0000,0.0000,2720.0000,0.0000,0.0000,0.0000,0.0000,1,0,0,0,0,1,0,0,0,0
zc,ER207,2012-06-27 14:25:49.893,2644.0000,2,0,0.0000,0.0000,0,0,¶à»»,B,2620.0000,0.0000,0.0000,0.0000,0.0000,2720.0000,0.0000,0.0000,0.0000,0.0000,1,0,0,0,0,1,0,0,0,0
zc,ER207,2012-06-27 14:26:08.893,2644.0000,2,0,0.0000,0.0000,0,0,¶à»»,B,2621.0000,0.0000,0.0000,0.0000,0.0000,2720.0000,0.0000,0.0000,0.0000,0.0000,1,0,0,0,0,1,0,0,0,0
zc,ER207,2012-06-27 14:26:13.190,2644.0000,2,0,0.0000,0.0000,0,0,¶à»»,B,2621.0000,0.0000,0.0000,0.0000,0.0000,2720.0000,0.0000,0.0000,0.0000,0.0000,1,0,0,0,0,1,0,0,0,0
zc,ER207,2012-06-27 14:26:15.660,2644.0000,2,0,0.0000,0.0000,0,0,¶à»»,B,2630.0000,0.0000,0.0000,0.0000,0.0000,2720.0000,0.0000,0.0000,0.0000,0.0000,1,0,0,0,0,1,0,0,0,0
zc,ER207,2012-06-27 14:27:13.190,2644.0000,2,0,0.0000,0.0000,0,0,¶à»»,B,2630.0000,0.0000,0.0000,0.0000,0.0000,2720.0000,0.0000,0.0000,0.0000,0.0000,1,0,0,0,0,1,0,0,0,0
zc,ER207,2012-06-27 14:28:13.177,2644.0000,2,0,0.0000,0.0000,0,0,¶à»»,B,2630.0000,0.0000,0.0000,0.0000,0.0000,2720.0000,0.0000,0.0000,0.0000,0.0000,1,0,0,0,0,1,0,0,0,0
zc,ER207,2012-06-27 14:29:13.177,2644.0000,2,0,0.0000,0.0000,0,0,¶à»»,B,2630.0000,0.0000,0.0000,0.0000,0.0000,2720.0000,0.0000,0.0000,0.0000,0.0000,1,0,0,0,0,1,0,0,0,0
zc,ER207,2012-06-27 14:30:13.177,2644.0000,2,0,0.0000,0.0000,0,0,¶à»»,B,2630.0000,0.0000,0.0000,0.0000,0.0000,2720.0000,0.0000,0.0000,0.0000,0.0000,1,0,0,0,0,1,0,0,0,0
zc,ER207,2012-06-27 14:31:13.177,2644.0000,2,0,0.0000,0.0000,0,0,¶à»»,B,2630.0000,0.0000,0.0000,0.0000,0.0000,2720.0000,0.0000,0.0000,0.0000,0.0000,1,0,0,0,0,1,0,0,0,0
zc,ER207,2012-06-27 14:32:13.190,2644.0000,2,0,0.0000,0.0000,0,0,¶à»»,B,2630.0000,0.0000,0.0000,0.0000,0.0000,2720.0000,0.0000,0.0000,0.0000,0.0000,1,0,0,0,0,1,0,0,0,0
zc,ER207,2012-06-27 14:33:13.190,2644.0000,2,0,0.0000,0.0000,0,0,¶à»»,B,2630.0000,0.0000,0.0000,0.0000,0.0000,2720.0000,0.0000,0.0000,0.0000,0.0000,1,0,0,0,0,1,0,0,0,0
zc,ER207,2012-06-27 14:34:13.177,2644.0000,2,0,0.0000,0.0000,0,0,¶à»»,B,2630.0000,0.0000,0.0000,0.0000,0.0000,2720.0000,0.0000,0.0000,0.0000,0.0000,1,0,0,0,0,1,0,0,0,0
zc,ER207,2012-06-27 14:34:14.910,2644.0000,2,0,0.0000,0.0000,0,0,¶à»»,B,2621.0000,0.0000,0.0000,0.0000,0.0000,2720.0000,0.0000,0.0000,0.0000,0.0000,1,0,0,0,0,1,0,0,0,0
zc,ER207,2012-06-27 14:34:21.410,2644.0000,2,0,0.0000,0.0000,0,0,¶à»»,B,2630.0000,0.0000,0.0000,0.0000,0.0000,2720.0000,0.0000,0.0000,0.0000,0.0000,1,0,0,0,0,1,0,0,0,0
zc,ER207,2012-06-27 14:35:13.177,2644.0000,2,0,0.0000,0.0000,0,0,¶à»»,B,2630.0000,0.0000,0.0000,0.0000,0.0000,2720.0000,0.0000,0.0000,0.0000,0.0000,1,0,0,0,0,1,0,0,0,0
zc,ER207,2012-06-27 14:36:13.177,2644.0000,2,0,0.0000,0.0000,0,0,¶à»»,B,2630.0000,0.0000,0.0000,0.0000,0.0000,2720.0000,0.0000,0.0000,0.0000,0.0000,1,0,0,0,0,1,0,0,0,0
zc,ER207,2012-06-27 14:37:13.177,2644.0000,2,0,0.0000,0.0000,0,0,¶à»»,B,2630.0000,0.0000,0.0000,0.0000,0.0000,2720.0000,0.0000,0.0000,0.0000,0.0000,1,0,0,0,0,1,0,0,0,0
zc,ER207,2012-06-27 14:38:13.177,2644.0000,2,0,0.0000,0.0000,0,0,¶à»»,B,2630.0000,0.0000,0.0000,0.0000,0.0000,2720.0000,0.0000,0.0000,0.0000,0.0000,1,0,0,0,0,1,0,0,0,0
zc,ER207,2012-06-27 14:39:13.177,2644.0000,2,0,0.0000,0.0000,0,0,¶à»»,B,2630.0000,0.0000,0.0000,0.0000,0.0000,2720.0000,0.0000,0.0000,0.0000,0.0000,1,0,0,0,0,1,0,0,0,0
zc,ER207,2012-06-27 14:40:13.177,2644.0000,2,0,0.0000,0.0000,0,0,¶à»»,B,2630.0000,0.0000,0.0000,0.0000,0.0000,2720.0000,0.0000,0.0000,0.0000,0.0000,1,0,0,0,0,1,0,0,0,0
zc,ER207,2012-06-27 14:41:13.177,2644.0000,2,0,0.0000,0.0000,0,0,¶à»»,B,2630.0000,0.0000,0.0000,0.0000,0.0000,2720.0000,0.0000,0.0000,0.0000,0.0000,1,0,0,0,0,1,0,0,0,0
zc,ER207,2012-06-27 14:42:13.177,2644.0000,2,0,0.0000,0.0000,0,0,¶à»»,B,2630.0000,0.0000,0.0000,0.0000,0.0000,2720.0000,0.0000,0.0000,0.0000,0.0000,1,0,0,0,0,1,0,0,0,0
zc,ER207,2012-06-27 14:43:13.190,2644.0000,2,0,0.0000,0.0000,0,0,¶à»»,B,2630.0000,0.0000,0.0000,0.0000,0.0000,2720.0000,0.0000,0.0000,0.0000,0.0000,1,0,0,0,0,1,0,0,0,0
zc,ER207,2012-06-27 14:44:13.177,2644.0000,2,0,0.0000,0.0000,0,0,¶à»»,B,2630.0000,0.0000,0.0000,0.0000,0.0000,2720.0000,0.0000,0.0000,0.0000,0.0000,1,0,0,0,0,1,0,0,0,0
zc,ER207,2012-06-27 14:45:13.177,2644.0000,2,0,0.0000,0.0000,0,0,¶à»»,B,2630.0000,0.0000,0.0000,0.0000,0.0000,2720.0000,0.0000,0.0000,0.0000,0.0000,1,0,0,0,0,1,0,0,0,0
zc,ER207,2012-06-27 14:46:13.177,2644.0000,2,0,0.0000,0.0000,0,0,¶à»»,B,2630.0000,0.0000,0.0000,0.0000,0.0000,2720.0000,0.0000,0.0000,0.0000,0.0000,1,0,0,0,0,1,0,0,0,0
zc,ER207,2012-06-27 14:47:13.190,2644.0000,2,0,0.0000,0.0000,0,0,¶à»»,B,2630.0000,0.0000,0.0000,0.0000,0.0000,2720.0000,0.0000,0.0000,0.0000,0.0000,1,0,0,0,0,1,0,0,0,0
zc,ER207,2012-06-27 14:48:13.177,2644.0000,2,0,0.0000,0.0000,0,0,¶à»»,B,2630.0000,0.0000,0.0000,0.0000,0.0000,2720.0000,0.0000,0.0000,0.0000,0.0000,1,0,0,0,0,1,0,0,0,0
zc,ER207,2012-06-27 14:49:13.177,2644.0000,2,0,0.0000,0.0000,0,0,¶à»»,B,2630.0000,0.0000,0.0000,0.0000,0.0000,2720.0000,0.0000,0.0000,0.0000,0.0000,1,0,0,0,0,1,0,0,0,0
zc,ER207,2012-06-27 14:50:13.190,2644.0000,2,0,0.0000,0.0000,0,0,¶à»»,B,2630.0000,0.0000,0.0000,0.0000,0.0000,2720.0000,0.0000,0.0000,0.0000,0.0000,1,0,0,0,0,1,0,0,0,0
zc,ER207,2012-06-27 14:51:13.177,2644.0000,2,0,0.0000,0.0000,0,0,¶à»»,B,2630.0000,0.0000,0.0000,0.0000,0.0000,2720.0000,0.0000,0.0000,0.0000,0.0000,1,0,0,0,0,1,0,0,0,0
zc,ER207,2012-06-27 14:52:13.177,2644.0000,2,0,0.0000,0.0000,0,0,¶à»»,B,2630.0000,0.0000,0.0000,0.0000,0.0000,2720.0000,0.0000,0.0000,0.0000,0.0000,1,0,0,0,0,1,0,0,0,0
zc,ER207,2012-06-27 14:53:13.177,2644.0000,2,0,0.0000,0.0000,0,0,¶à»»,B,2630.0000,0.0000,0.0000,0.0000,0.0000,2720.0000,0.0000,0.0000,0.0000,0.0000,1,0,0,0,0,1,0,0,0,0
zc,ER207,2012-06-27 14:54:10.143,2644.0000,2,0,0.0000,0.0000,0,0,¶à»»,B,2630.0000,0.0000,0.0000,0.0000,0.0000,2719.0000,0.0000,0.0000,0.0000,0.0000,1,0,0,0,0,1,0,0,0,0
zc,ER207,2012-06-27 14:54:13.177,2644.0000,2,0,0.0000,0.0000,0,0,¶à»»,B,2630.0000,0.0000,0.0000,0.0000,0.0000,2719.0000,0.0000,0.0000,0.0000,0.0000,1,0,0,0,0,1,0,0,0,0
zc,ER207,2012-06-27 14:55:13.177,2644.0000,2,0,0.0000,0.0000,0,0,¶à»»,B,2630.0000,0.0000,0.0000,0.0000,0.0000,2719.0000,0.0000,0.0000,0.0000,0.0000,1,0,0,0,0,1,0,0,0,0
zc,ER207,2012-06-27 14:56:13.177,2644.0000,2,0,0.0000,0.0000,0,0,¶à»»,B,2630.0000,0.0000,0.0000,0.0000,0.0000,2719.0000,0.0000,0.0000,0.0000,0.0000,1,0,0,0,0,1,0,0,0,0
zc,ER207,2012-06-27 14:57:13.177,2644.0000,2,0,0.0000,0.0000,0,0,¶à»»,B,2630.0000,0.0000,0.0000,0.0000,0.0000,2719.0000,0.0000,0.0000,0.0000,0.0000,1,0,0,0,0,1,0,0,0,0
zc,ER207,2012-06-27 14:58:13.177,2644.0000,2,0,0.0000,0.0000,0,0,¶à»»,B,2630.0000,0.0000,0.0000,0.0000,0.0000,2719.0000,0.0000,0.0000,0.0000,0.0000,1,0,0,0,0,1,0,0,0,0
zc,ER207,2012-06-27 14:59:13.177,2644.0000,2,0,0.0000,0.0000,0,0,¶à»»,B,2630.0000,0.0000,0.0000,0.0000,0.0000,2719.0000,0.0000,0.0000,0.0000,0.0000,1,0,0,0,0,1,0,0,0,0
zc,ER207,2012-06-27 14:59:39.893,2644.0000,2,0,0.0000,0.0000,0,0,¶à»»,B,2630.0000,0.0000,0.0000,0.0000,0.0000,2720.0000,0.0000,0.0000,0.0000,0.0000,1,0,0,0,0,1,0,0,0,0
zc,ER207,2012-06-27 15:00:05.677,2644.0000,2,0,0.0000,0.0000,0,0,¶à»»,B,2630.0000,0.0000,0.0000,0.0000,0.0000,2720.0000,0.0000,0.0000,0.0000,0.0000,1,0,0,0,0,1,0,0,0,0
zc,ER207,2012-06-27 15:00:13.160,2644.0000,2,0,0.0000,0.0000,0,0,¶à»»,B,2630.0000,0.0000,0.0000,0.0000,0.0000,2720.0000,0.0000,0.0000,0.0000,0.0000,1,0,0,0,0,1,0,0,0,0
zc,ER207,2012-06-27 15:01:13.160,2644.0000,2,0,0.0000,0.0000,0,0,¶à»»,B,2630.0000,0.0000,0.0000,0.0000,0.0000,2720.0000,0.0000,0.0000,0.0000,0.0000,1,0,0,0,0,1,0,0,0,0
zc,ER207,2012-06-27 15:02:13.160,2644.0000,2,0,0.0000,0.0000,0,0,¶à»»,B,2630.0000,0.0000,0.0000,0.0000,0.0000,2720.0000,0.0000,0.0000,0.0000,0.0000,1,0,0,0,0,1,0,0,0,0
zc,ER207,2012-06-27 15:03:13.160,2644.0000,2,0,0.0000,0.0000,0,0,¶à»»,B,2630.0000,0.0000,0.0000,0.0000,0.0000,2720.0000,0.0000,0.0000,0.0000,0.0000,1,0,0,0,0,1,0,0,0,0
zc,ER207,2012-06-27 15:04:13.177,2644.0000,2,0,0.0000,0.0000,0,0,¶à»»,B,2630.0000,0.0000,0.0000,0.0000,0.0000,2720.0000,0.0000,0.0000,0.0000,0.0000,1,0,0,0,0,1,0,0,0,0
zc,ER207,2012-06-27 15:05:13.177,2644.0000,2,0,0.0000,0.0000,0,0,¶à»»,B,2630.0000,0.0000,0.0000,0.0000,0.0000,2720.0000,0.0000,0.0000,0.0000,0.0000,1,0,0,0,0,1,0,0,0,0
zc,ER207,2012-06-27 15:06:13.177,2644.0000,2,0,0.0000,0.0000,0,0,¶à»»,B,2630.0000,0.0000,0.0000,0.0000,0.0000,2720.0000,0.0000,0.0000,0.0000,0.0000,1,0,0,0,0,1,0,0,0,0
zc,ER207,2012-06-27 15:07:13.177,2644.0000,2,0,0.0000,0.0000,0,0,¶à»»,B,2630.0000,0.0000,0.0000,0.0000,0.0000,2720.0000,0.0000,0.0000,0.0000,0.0000,1,0,0,0,0,1,0,0,0,0
zc,ER207,2012-06-27 15:08:13.177,2644.0000,2,0,0.0000,0.0000,0,0,¶à»»,B,2630.0000,0.0000,0.0000,0.0000,0.0000,2720.0000,0.0000,0.0000,0.0000,0.0000,1,0,0,0,0,1,0,0,0,0
zc,ER207,2012-06-27 15:09:13.177,2644.0000,2,0,0.0000,0.0000,0,0,¶à»»,B,2630.0000,0.0000,0.0000,0.0000,0.0000,2720.0000,0.0000,0.0000,0.0000,0.0000,1,0,0,0,0,1,0,0,0,0
zc,ER207,2012-06-27 15:10:13.177,2644.0000,2,0,0.0000,0.0000,0,0,¶à»»,B,2630.0000,0.0000,0.0000,0.0000,0.0000,2720.0000,0.0000,0.0000,0.0000,0.0000,1,0,0,0,0,1,0,0,0,0
zc,ER207,2012-06-27 15:11:13.177,2644.0000,2,0,0.0000,0.0000,0,0,¶à»»,B,2630.0000,0.0000,0.0000,0.0000,0.0000,2720.0000,0.0000,0.0000,0.0000,0.0000,1,0,0,0,0,1,0,0,0,0
zc,ER207,2012-06-27 15:12:13.177,2644.0000,2,0,0.0000,0.0000,0,0,¶à»»,B,2630.0000,0.0000,0.0000,0.0000,0.0000,2720.0000,0.0000,0.0000,0.0000,0.0000,1,0,0,0,0,1,0,0,0,0
zc,ER207,2012-06-27 15:13:13.177,2644.0000,2,0,0.0000,0.0000,0,0,¶à»»,B,2630.0000,0.0000,0.0000,0.0000,0.0000,2720.0000,0.0000,0.0000,0.0000,0.0000,1,0,0,0,0,1,0,0,0,0
zc,ER207,2012-06-27 15:14:13.177,2644.0000,2,0,0.0000,0.0000,0,0,¶à»»,B,2630.0000,0.0000,0.0000,0.0000,0.0000,2720.0000,0.0000,0.0000,0.0000,0.0000,1,0,0,0,0,1,0,0,0,0
zc,ER207,2012-06-27 15:15:13.160,2644.0000,2,0,0.0000,0.0000,0,0,¶à»»,B,2630.0000,0.0000,0.0000,0.0000,0.0000,2720.0000,0.0000,0.0000,0.0000,0.0000,1,0,0,0,0,1,0,0,0,0
zc,ER207,2012-06-27 15:16:13.160,2644.0000,2,0,0.0000,0.0000,0,0,¶à»»,B,2630.0000,0.0000,0.0000,0.0000,0.0000,2720.0000,0.0000,0.0000,0.0000,0.0000,1,0,0,0,0,1,0,0,0,0
zc,ER207,2012-06-27 15:17:13.160,2644.0000,2,0,0.0000,0.0000,0,0,¶à»»,B,2630.0000,0.0000,0.0000,0.0000,0.0000,2720.0000,0.0000,0.0000,0.0000,0.0000,1,0,0,0,0,1,0,0,0,0
zc,ER207,2012-06-27 15:18:13.160,2644.0000,2,0,0.0000,0.0000,0,0,¶à»»,B,2630.0000,0.0000,0.0000,0.0000,0.0000,2720.0000,0.0000,0.0000,0.0000,0.0000,1,0,0,0,0,1,0,0,0,0
zc,ER207,2012-06-27 15:19:13.160,2644.0000,2,0,0.0000,0.0000,0,0,¶à»»,B,2630.0000,0.0000,0.0000,0.0000,0.0000,2720.0000,0.0000,0.0000,0.0000,0.0000,1,0,0,0,0,1,0,0,0,0
zc,ER207,2012-06-27 15:20:13.160,2644.0000,2,0,0.0000,0.0000,0,0,¶à»»,B,2630.0000,0.0000,0.0000,0.0000,0.0000,2720.0000,0.0000,0.0000,0.0000,0.0000,1,0,0,0,0,1,0,0,0,0
zc,ER207,2012-06-27 15:21:13.160,2644.0000,2,0,0.0000,0.0000,0,0,¶à»»,B,2630.0000,0.0000,0.0000,0.0000,0.0000,2720.0000,0.0000,0.0000,0.0000,0.0000,1,0,0,0,0,1,0,0,0,0
zc,ER207,2012-06-27 15:22:13.160,2644.0000,2,0,0.0000,0.0000,0,0,¶à»»,B,2630.0000,0.0000,0.0000,0.0000,0.0000,2720.0000,0.0000,0.0000,0.0000,0.0000,1,0,0,0,0,1,0,0,0,0
zc,ER207,2012-06-27 15:23:13.160,2644.0000,2,0,0.0000,0.0000,0,0,¶à»»,B,2630.0000,0.0000,0.0000,0.0000,0.0000,2720.0000,0.0000,0.0000,0.0000,0.0000,1,0,0,0,0,1,0,0,0,0
zc,ER207,2012-06-27 15:24:13.160,2644.0000,2,0,0.0000,0.0000,0,0,¶à»»,B,2630.0000,0.0000,0.0000,0.0000,0.0000,2720.0000,0.0000,0.0000,0.0000,0.0000,1,0,0,0,0,1,0,0,0,0
zc,ER207,2012-06-27 15:25:13.160,2644.0000,2,0,0.0000,0.0000,0,0,¶à»»,B,2630.0000,0.0000,0.0000,0.0000,0.0000,2720.0000,0.0000,0.0000,0.0000,0.0000,1,0,0,0,0,1,0,0,0,0
zc,ER207,2012-06-27 15:26:13.160,2644.0000,2,0,0.0000,0.0000,0,0,¶à»»,B,2630.0000,0.0000,0.0000,0.0000,0.0000,2720.0000,0.0000,0.0000,0.0000,0.0000,1,0,0,0,0,1,0,0,0,0
zc,ER207,2012-06-27 15:27:13.160,2644.0000,2,0,0.0000,0.0000,0,0,¶à»»,B,2630.0000,0.0000,0.0000,0.0000,0.0000,2720.0000,0.0000,0.0000,0.0000,0.0000,1,0,0,0,0,1,0,0,0,0
zc,ER207,2012-06-27 15:28:13.160,2644.0000,2,0,0.0000,0.0000,0,0,¶à»»,B,2630.0000,0.0000,0.0000,0.0000,0.0000,2720.0000,0.0000,0.0000,0.0000,0.0000,1,0,0,0,0,1,0,0,0,0
zc,ER207,2012-06-27 15:29:13.160,2644.0000,2,0,0.0000,0.0000,0,0,¶à»»,B,2630.0000,0.0000,0.0000,0.0000,0.0000,2720.0000,0.0000,0.0000,0.0000,0.0000,1,0,0,0,0,1,0,0,0,0
zc,ER207,2012-06-27 15:30:13.143,2644.0000,2,0,0.0000,0.0000,0,0,¶à»»,B,2630.0000,0.0000,0.0000,0.0000,0.0000,2720.0000,0.0000,0.0000,0.0000,0.0000,1,0,0,0,0,1,0,0,0,0
zc,ER207,2012-06-27 15:31:13.143,2644.0000,2,0,0.0000,0.0000,0,0,¶à»»,B,2630.0000,0.0000,0.0000,0.0000,0.0000,2720.0000,0.0000,0.0000,0.0000,0.0000,1,0,0,0,0,1,0,0,0,0
zc,ER207,2012-06-27 15:32:13.160,2644.0000,2,0,0.0000,0.0000,0,0,¶à»»,B,2630.0000,0.0000,0.0000,0.0000,0.0000,2720.0000,0.0000,0.0000,0.0000,0.0000,1,0,0,0,0,1,0,0,0,0
zc,ER207,2012-06-27 15:33:13.160,2644.0000,2,0,0.0000,0.0000,0,0,¶à»»,B,2630.0000,0.0000,0.0000,0.0000,0.0000,2720.0000,0.0000,0.0000,0.0000,0.0000,1,0,0,0,0,1,0,0,0,0
zc,ER207,2012-06-27 15:34:13.160,2644.0000,2,0,0.0000,0.0000,0,0,¶à»»,B,2630.0000,0.0000,0.0000,0.0000,0.0000,2720.0000,0.0000,0.0000,0.0000,0.0000,1,0,0,0,0,1,0,0,0,0
zc,ER207,2012-06-27 15:35:13.160,2644.0000,2,0,0.0000,0.0000,0,0,¶à»»,B,2630.0000,0.0000,0.0000,0.0000,0.0000,2720.0000,0.0000,0.0000,0.0000,0.0000,1,0,0,0,0,1,0,0,0,0
zc,ER207,2012-06-27 15:36:13.177,2644.0000,2,0,0.0000,0.0000,0,0,¶à»»,B,2630.0000,0.0000,0.0000,0.0000,0.0000,2720.0000,0.0000,0.0000,0.0000,0.0000,1,0,0,0,0,1,0,0,0,0
zc,ER207,2012-06-27 15:37:13.177,2644.0000,2,0,0.0000,0.0000,0,0,¶à»»,B,2630.0000,0.0000,0.0000,0.0000,0.0000,2720.0000,0.0000,0.0000,0.0000,0.0000,1,0,0,0,0,1,0,0,0,0
zc,ER207,2012-06-27 15:38:13.190,2644.0000,2,0,0.0000,0.0000,0,0,¶à»»,B,2630.0000,0.0000,0.0000,0.0000,0.0000,2720.0000,0.0000,0.0000,0.0000,0.0000,1,0,0,0,0,1,0,0,0,0
zc,ER207,2012-06-27 15:39:13.190,2644.0000,2,0,0.0000,0.0000,0,0,¶à»»,B,2630.0000,0.0000,0.0000,0.0000,0.0000,2720.0000,0.0000,0.0000,0.0000,0.0000,1,0,0,0,0,1,0,0,0,0
zc,ER207,2012-06-27 15:40:13.207,2644.0000,2,0,0.0000,0.0000,0,0,¶à»»,B,2630.0000,0.0000,0.0000,0.0000,0.0000,2720.0000,0.0000,0.0000,0.0000,0.0000,1,0,0,0,0,1,0,0,0,0
zc,ER207,2012-06-27 15:41:13.207,2644.0000,2,0,0.0000,0.0000,0,0,¶à»»,B,2630.0000,0.0000,0.0000,0.0000,0.0000,2720.0000,0.0000,0.0000,0.0000,0.0000,1,0,0,0,0,1,0,0,0,0
zc,ER207,2012-06-27 15:42:13.207,2644.0000,2,0,0.0000,0.0000,0,0,¶à»»,B,2630.0000,0.0000,0.0000,0.0000,0.0000,2720.0000,0.0000,0.0000,0.0000,0.0000,1,0,0,0,0,1,0,0,0,0
zc,ER207,2012-06-27 15:43:13.207,2644.0000,2,0,0.0000,0.0000,0,0,¶à»»,B,2630.0000,0.0000,0.0000,0.0000,0.0000,2720.0000,0.0000,0.0000,0.0000,0.0000,1,0,0,0,0,1,0,0,0,0
zc,ER207,2012-06-27 15:44:13.207,2644.0000,2,0,0.0000,0.0000,0,0,¶à»»,B,2630.0000,0.0000,0.0000,0.0000,0.0000,2720.0000,0.0000,0.0000,0.0000,0.0000,1,0,0,0,0,1,0,0,0,0
zc,ER207,2012-06-27 15:45:13.207,2644.0000,2,0,0.0000,0.0000,0,0,¶à»»,B,2630.0000,0.0000,0.0000,0.0000,0.0000,2720.0000,0.0000,0.0000,0.0000,0.0000,1,0,0,0,0,1,0,0,0,0
zc,ER207,2012-06-27 15:46:13.190,2644.0000,2,0,0.0000,0.0000,0,0,¶à»»,B,2630.0000,0.0000,0.0000,0.0000,0.0000,2720.0000,0.0000,0.0000,0.0000,0.0000,1,0,0,0,0,1,0,0,0,0
zc,ER207,2012-06-27 15:47:13.190,2644.0000,2,0,0.0000,0.0000,0,0,¶à»»,B,2630.0000,0.0000,0.0000,0.0000,0.0000,2720.0000,0.0000,0.0000,0.0000,0.0000,1,0,0,0,0,1,0,0,0,0
zc,ER207,2012-06-27 15:48:13.190,2644.0000,2,0,0.0000,0.0000,0,0,¶à»»,B,2630.0000,0.0000,0.0000,0.0000,0.0000,2720.0000,0.0000,0.0000,0.0000,0.0000,1,0,0,0,0,1,0,0,0,0
zc,ER207,2012-06-27 15:49:13.190,2644.0000,2,0,0.0000,0.0000,0,0,¶à»»,B,2630.0000,0.0000,0.0000,0.0000,0.0000,2720.0000,0.0000,0.0000,0.0000,0.0000,1,0,0,0,0,1,0,0,0,0
zc,ER207,2012-06-27 15:50:13.190,2644.0000,2,0,0.0000,0.0000,0,0,¶à»»,B,2630.0000,0.0000,0.0000,0.0000,0.0000,2720.0000,0.0000,0.0000,0.0000,0.0000,1,0,0,0,0,1,0,0,0,0
zc,ER207,2012-06-27 15:51:13.190,2644.0000,2,0,0.0000,0.0000,0,0,¶à»»,B,2630.0000,0.0000,0.0000,0.0000,0.0000,2720.0000,0.0000,0.0000,0.0000,0.0000,1,0,0,0,0,1,0,0,0,0
zc,ER207,2012-06-27 15:52:13.190,2644.0000,2,0,0.0000,0.0000,0,0,¶à»»,B,2630.0000,0.0000,0.0000,0.0000,0.0000,2720.0000,0.0000,0.0000,0.0000,0.0000,1,0,0,0,0,1,0,0,0,0
zc,ER207,2012-06-27 15:53:12.940,2644.0000,2,0,0.0000,0.0000,0,0,¶à»»,B,2630.0000,0.0000,0.0000,0.0000,0.0000,2720.0000,0.0000,0.0000,0.0000,0.0000,1,0,0,0,0,1,0,0,0,0
zc,ER207,2012-06-27 15:54:12.940,2644.0000,2,0,0.0000,0.0000,0,0,¶à»»,B,2630.0000,0.0000,0.0000,0.0000,0.0000,2720.0000,0.0000,0.0000,0.0000,0.0000,1,0,0,0,0,1,0,0,0,0
zc,ER207,2012-06-27 15:55:12.940,2644.0000,2,0,0.0000,0.0000,0,0,¶à»»,B,2630.0000,0.0000,0.0000,0.0000,0.0000,2720.0000,0.0000,0.0000,0.0000,0.0000,1,0,0,0,0,1,0,0,0,0
zc,ER207,2012-06-27 15:56:12.940,2644.0000,2,0,0.0000,0.0000,0,0,¶à»»,B,2630.0000,0.0000,0.0000,0.0000,0.0000,2720.0000,0.0000,0.0000,0.0000,0.0000,1,0,0,0,0,1,0,0,0,0
zc,ER207,2012-06-27 15:57:12.940,2644.0000,2,0,0.0000,0.0000,0,0,¶à»»,B,2630.0000,0.0000,0.0000,0.0000,0.0000,2720.0000,0.0000,0.0000,0.0000,0.0000,1,0,0,0,0,1,0,0,0,0
zc,ER207,2012-06-27 15:58:12.940,2644.0000,2,0,0.0000,0.0000,0,0,¶à»»,B,2630.0000,0.0000,0.0000,0.0000,0.0000,2720.0000,0.0000,0.0000,0.0000,0.0000,1,0,0,0,0,1,0,0,0,0
zc,ER207,2012-06-27 15:59:12.940,2644.0000,2,0,0.0000,0.0000,0,0,¶à»»,B,2630.0000,0.0000,0.0000,0.0000,0.0000,2720.0000,0.0000,0.0000,0.0000,0.0000,1,0,0,0,0,1,0,0,0,0
