市场代码,合约代码,时间,最新,持仓,增仓,成交额,成交量,开仓,平仓,成交类型,方向,买一价,买二价,买三价,买四价,买五价,卖一价,卖二价,卖三价,卖四价,卖五价,买一量,买二量,买三量,买四量,买五量,卖一量,卖二量,卖三量,卖四量,卖五量
zc,ME206,2012-06-11 07:46:05.007,0.0000,0,0,0.0000,0.0000,0,0,多换,B,0.0000,0.0000,0.0000,0.0000,0.0000,0.0000,0.0000,0.0000,0.0000,0.0000,0,0,0,0,0,0,0,0,0,0
zc,ME206,2012-06-11 07:47:00.960,0.0000,0,0,0.0000,0.0000,0,0,多换,B,0.0000,0.0000,0.0000,0.0000,0.0000,0.0000,0.0000,0.0000,0.0000,0.0000,0,0,0,0,0,0,0,0,0,0
zc,ME206,2012-06-11 07:48:00.947,0.0000,0,0,0.0000,0.0000,0,0,多换,B,0.0000,0.0000,0.0000,0.0000,0.0000,0.0000,0.0000,0.0000,0.0000,0.0000,0,0,0,0,0,0,0,0,0,0
zc,ME206,2012-06-11 07:49:00.960,0.0000,0,0,0.0000,0.0000,0,0,多换,B,0.0000,0.0000,0.0000,0.0000,0.0000,0.0000,0.0000,0.0000,0.0000,0.0000,0,0,0,0,0,0,0,0,0,0
zc,ME206,2012-06-11 07:50:00.947,0.0000,0,0,0.0000,0.0000,0,0,多换,B,0.0000,0.0000,0.0000,0.0000,0.0000,0.0000,0.0000,0.0000,0.0000,0.0000,0,0,0,0,0,0,0,0,0,0
zc,ME206,2012-06-11 07:51:00.947,0.0000,0,0,0.0000,0.0000,0,0,多换,B,0.0000,0.0000,0.0000,0.0000,0.0000,0.0000,0.0000,0.0000,0.0000,0.0000,0,0,0,0,0,0,0,0,0,0
zc,ME206,2012-06-11 07:52:00.947,0.0000,0,0,0.0000,0.0000,0,0,多换,B,0.0000,0.0000,0.0000,0.0000,0.0000,0.0000,0.0000,0.0000,0.0000,0.0000,0,0,0,0,0,0,0,0,0,0
zc,ME206,2012-06-11 07:53:00.947,0.0000,0,0,0.0000,0.0000,0,0,多换,B,0.0000,0.0000,0.0000,0.0000,0.0000,0.0000,0.0000,0.0000,0.0000,0.0000,0,0,0,0,0,0,0,0,0,0
zc,ME206,2012-06-11 07:54:00.947,0.0000,0,0,0.0000,0.0000,0,0,多换,B,0.0000,0.0000,0.0000,0.0000,0.0000,0.0000,0.0000,0.0000,0.0000,0.0000,0,0,0,0,0,0,0,0,0,0
zc,ME206,2012-06-11 07:55:00.947,0.0000,0,0,0.0000,0.0000,0,0,多换,B,0.0000,0.0000,0.0000,0.0000,0.0000,0.0000,0.0000,0.0000,0.0000,0.0000,0,0,0,0,0,0,0,0,0,0
zc,ME206,2012-06-11 07:56:00.947,0.0000,0,0,0.0000,0.0000,0,0,多换,B,0.0000,0.0000,0.0000,0.0000,0.0000,0.0000,0.0000,0.0000,0.0000,0.0000,0,0,0,0,0,0,0,0,0,0
zc,ME206,2012-06-11 07:57:00.947,0.0000,0,0,0.0000,0.0000,0,0,多换,B,0.0000,0.0000,0.0000,0.0000,0.0000,0.0000,0.0000,0.0000,0.0000,0.0000,0,0,0,0,0,0,0,0,0,0
zc,ME206,2012-06-11 07:58:00.947,0.0000,0,0,0.0000,0.0000,0,0,多换,B,0.0000,0.0000,0.0000,0.0000,0.0000,0.0000,0.0000,0.0000,0.0000,0.0000,0,0,0,0,0,0,0,0,0,0
zc,ME206,2012-06-11 07:59:00.947,0.0000,0,0,0.0000,0.0000,0,0,多换,B,0.0000,0.0000,0.0000,0.0000,0.0000,0.0000,0.0000,0.0000,0.0000,0.0000,0,0,0,0,0,0,0,0,0,0
zc,ME206,2012-06-11 08:00:00.947,0.0000,0,0,0.0000,0.0000,0,0,多换,B,0.0000,0.0000,0.0000,0.0000,0.0000,0.0000,0.0000,0.0000,0.0000,0.0000,0,0,0,0,0,0,0,0,0,0
zc,ME206,2012-06-11 08:01:00.947,0.0000,0,0,0.0000,0.0000,0,0,多换,B,0.0000,0.0000,0.0000,0.0000,0.0000,0.0000,0.0000,0.0000,0.0000,0.0000,0,0,0,0,0,0,0,0,0,0
zc,ME206,2012-06-11 08:02:00.947,0.0000,0,0,0.0000,0.0000,0,0,多换,B,0.0000,0.0000,0.0000,0.0000,0.0000,0.0000,0.0000,0.0000,0.0000,0.0000,0,0,0,0,0,0,0,0,0,0
zc,ME206,2012-06-11 08:03:00.947,0.0000,0,0,0.0000,0.0000,0,0,多换,B,0.0000,0.0000,0.0000,0.0000,0.0000,0.0000,0.0000,0.0000,0.0000,0.0000,0,0,0,0,0,0,0,0,0,0
zc,ME206,2012-06-11 08:04:00.947,0.0000,0,0,0.0000,0.0000,0,0,多换,B,0.0000,0.0000,0.0000,0.0000,0.0000,0.0000,0.0000,0.0000,0.0000,0.0000,0,0,0,0,0,0,0,0,0,0
zc,ME206,2012-06-11 08:05:00.947,0.0000,0,0,0.0000,0.0000,0,0,多换,B,0.0000,0.0000,0.0000,0.0000,0.0000,0.0000,0.0000,0.0000,0.0000,0.0000,0,0,0,0,0,0,0,0,0,0
zc,ME206,2012-06-11 08:06:00.947,0.0000,0,0,0.0000,0.0000,0,0,多换,B,0.0000,0.0000,0.0000,0.0000,0.0000,0.0000,0.0000,0.0000,0.0000,0.0000,0,0,0,0,0,0,0,0,0,0
zc,ME206,2012-06-11 08:07:00.930,0.0000,0,0,0.0000,0.0000,0,0,多换,B,0.0000,0.0000,0.0000,0.0000,0.0000,0.0000,0.0000,0.0000,0.0000,0.0000,0,0,0,0,0,0,0,0,0,0
zc,ME206,2012-06-11 08:08:00.930,0.0000,0,0,0.0000,0.0000,0,0,多换,B,0.0000,0.0000,0.0000,0.0000,0.0000,0.0000,0.0000,0.0000,0.0000,0.0000,0,0,0,0,0,0,0,0,0,0
zc,ME206,2012-06-11 08:09:00.930,0.0000,0,0,0.0000,0.0000,0,0,多换,B,0.0000,0.0000,0.0000,0.0000,0.0000,0.0000,0.0000,0.0000,0.0000,0.0000,0,0,0,0,0,0,0,0,0,0
zc,ME206,2012-06-11 08:10:00.930,0.0000,0,0,0.0000,0.0000,0,0,多换,B,0.0000,0.0000,0.0000,0.0000,0.0000,0.0000,0.0000,0.0000,0.0000,0.0000,0,0,0,0,0,0,0,0,0,0
zc,ME206,2012-06-11 08:11:00.930,0.0000,0,0,0.0000,0.0000,0,0,多换,B,0.0000,0.0000,0.0000,0.0000,0.0000,0.0000,0.0000,0.0000,0.0000,0.0000,0,0,0,0,0,0,0,0,0,0
zc,ME206,2012-06-11 08:12:00.930,0.0000,0,0,0.0000,0.0000,0,0,多换,B,0.0000,0.0000,0.0000,0.0000,0.0000,0.0000,0.0000,0.0000,0.0000,0.0000,0,0,0,0,0,0,0,0,0,0
zc,ME206,2012-06-11 08:13:00.930,0.0000,0,0,0.0000,0.0000,0,0,多换,B,0.0000,0.0000,0.0000,0.0000,0.0000,0.0000,0.0000,0.0000,0.0000,0.0000,0,0,0,0,0,0,0,0,0,0
zc,ME206,2012-06-11 08:14:00.930,0.0000,0,0,0.0000,0.0000,0,0,多换,B,0.0000,0.0000,0.0000,0.0000,0.0000,0.0000,0.0000,0.0000,0.0000,0.0000,0,0,0,0,0,0,0,0,0,0
zc,ME206,2012-06-11 08:15:00.930,0.0000,0,0,0.0000,0.0000,0,0,多换,B,0.0000,0.0000,0.0000,0.0000,0.0000,0.0000,0.0000,0.0000,0.0000,0.0000,0,0,0,0,0,0,0,0,0,0
zc,ME206,2012-06-11 08:16:00.930,0.0000,0,0,0.0000,0.0000,0,0,多换,B,0.0000,0.0000,0.0000,0.0000,0.0000,0.0000,0.0000,0.0000,0.0000,0.0000,0,0,0,0,0,0,0,0,0,0
zc,ME206,2012-06-11 08:17:00.930,0.0000,0,0,0.0000,0.0000,0,0,多换,B,0.0000,0.0000,0.0000,0.0000,0.0000,0.0000,0.0000,0.0000,0.0000,0.0000,0,0,0,0,0,0,0,0,0,0
zc,ME206,2012-06-11 08:18:00.930,0.0000,0,0,0.0000,0.0000,0,0,多换,B,0.0000,0.0000,0.0000,0.0000,0.0000,0.0000,0.0000,0.0000,0.0000,0.0000,0,0,0,0,0,0,0,0,0,0
zc,ME206,2012-06-11 08:19:00.930,0.0000,0,0,0.0000,0.0000,0,0,多换,B,0.0000,0.0000,0.0000,0.0000,0.0000,0.0000,0.0000,0.0000,0.0000,0.0000,0,0,0,0,0,0,0,0,0,0
zc,ME206,2012-06-11 08:20:00.930,0.0000,0,0,0.0000,0.0000,0,0,多换,B,0.0000,0.0000,0.0000,0.0000,0.0000,0.0000,0.0000,0.0000,0.0000,0.0000,0,0,0,0,0,0,0,0,0,0
zc,ME206,2012-06-11 08:21:00.913,0.0000,0,0,0.0000,0.0000,0,0,多换,B,0.0000,0.0000,0.0000,0.0000,0.0000,0.0000,0.0000,0.0000,0.0000,0.0000,0,0,0,0,0,0,0,0,0,0
zc,ME206,2012-06-11 08:22:02.257,0.0000,0,0,0.0000,0.0000,0,0,多换,B,0.0000,0.0000,0.0000,0.0000,0.0000,0.0000,0.0000,0.0000,0.0000,0.0000,0,0,0,0,0,0,0,0,0,0
zc,ME206,2012-06-11 08:23:02.257,0.0000,0,0,0.0000,0.0000,0,0,多换,B,0.0000,0.0000,0.0000,0.0000,0.0000,0.0000,0.0000,0.0000,0.0000,0.0000,0,0,0,0,0,0,0,0,0,0
zc,ME206,2012-06-11 08:24:02.257,0.0000,0,0,0.0000,0.0000,0,0,多换,B,0.0000,0.0000,0.0000,0.0000,0.0000,0.0000,0.0000,0.0000,0.0000,0.0000,0,0,0,0,0,0,0,0,0,0
zc,ME206,2012-06-11 08:25:02.257,0.0000,0,0,0.0000,0.0000,0,0,多换,B,0.0000,0.0000,0.0000,0.0000,0.0000,0.0000,0.0000,0.0000,0.0000,0.0000,0,0,0,0,0,0,0,0,0,0
zc,ME206,2012-06-11 08:26:02.257,0.0000,0,0,0.0000,0.0000,0,0,多换,B,0.0000,0.0000,0.0000,0.0000,0.0000,0.0000,0.0000,0.0000,0.0000,0.0000,0,0,0,0,0,0,0,0,0,0
zc,ME206,2012-06-11 08:27:02.257,0.0000,0,0,0.0000,0.0000,0,0,多换,B,0.0000,0.0000,0.0000,0.0000,0.0000,0.0000,0.0000,0.0000,0.0000,0.0000,0,0,0,0,0,0,0,0,0,0
zc,ME206,2012-06-11 08:28:02.257,0.0000,0,0,0.0000,0.0000,0,0,多换,B,0.0000,0.0000,0.0000,0.0000,0.0000,0.0000,0.0000,0.0000,0.0000,0.0000,0,0,0,0,0,0,0,0,0,0
zc,ME206,2012-06-11 08:29:02.257,0.0000,0,0,0.0000,0.0000,0,0,多换,B,0.0000,0.0000,0.0000,0.0000,0.0000,0.0000,0.0000,0.0000,0.0000,0.0000,0,0,0,0,0,0,0,0,0,0
zc,ME206,2012-06-11 08:30:02.257,0.0000,0,0,0.0000,0.0000,0,0,多换,B,0.0000,0.0000,0.0000,0.0000,0.0000,0.0000,0.0000,0.0000,0.0000,0.0000,0,0,0,0,0,0,0,0,0,0
zc,ME206,2012-06-11 08:31:02.257,0.0000,0,0,0.0000,0.0000,0,0,多换,B,0.0000,0.0000,0.0000,0.0000,0.0000,0.0000,0.0000,0.0000,0.0000,0.0000,0,0,0,0,0,0,0,0,0,0
zc,ME206,2012-06-11 08:32:02.257,0.0000,0,0,0.0000,0.0000,0,0,多换,B,0.0000,0.0000,0.0000,0.0000,0.0000,0.0000,0.0000,0.0000,0.0000,0.0000,0,0,0,0,0,0,0,0,0,0
zc,ME206,2012-06-11 08:33:02.257,0.0000,0,0,0.0000,0.0000,0,0,多换,B,0.0000,0.0000,0.0000,0.0000,0.0000,0.0000,0.0000,0.0000,0.0000,0.0000,0,0,0,0,0,0,0,0,0,0
zc,ME206,2012-06-11 08:34:02.257,0.0000,0,0,0.0000,0.0000,0,0,多换,B,0.0000,0.0000,0.0000,0.0000,0.0000,0.0000,0.0000,0.0000,0.0000,0.0000,0,0,0,0,0,0,0,0,0,0
zc,ME206,2012-06-11 08:35:02.257,0.0000,0,0,0.0000,0.0000,0,0,多换,B,0.0000,0.0000,0.0000,0.0000,0.0000,0.0000,0.0000,0.0000,0.0000,0.0000,0,0,0,0,0,0,0,0,0,0
zc,ME206,2012-06-11 08:36:02.257,0.0000,0,0,0.0000,0.0000,0,0,多换,B,0.0000,0.0000,0.0000,0.0000,0.0000,0.0000,0.0000,0.0000,0.0000,0.0000,0,0,0,0,0,0,0,0,0,0
zc,ME206,2012-06-11 08:37:02.257,0.0000,0,0,0.0000,0.0000,0,0,多换,B,0.0000,0.0000,0.0000,0.0000,0.0000,0.0000,0.0000,0.0000,0.0000,0.0000,0,0,0,0,0,0,0,0,0,0
zc,ME206,2012-06-11 08:38:02.240,0.0000,0,0,0.0000,0.0000,0,0,多换,B,0.0000,0.0000,0.0000,0.0000,0.0000,0.0000,0.0000,0.0000,0.0000,0.0000,0,0,0,0,0,0,0,0,0,0
zc,ME206,2012-06-11 08:39:02.240,0.0000,0,0,0.0000,0.0000,0,0,多换,B,0.0000,0.0000,0.0000,0.0000,0.0000,0.0000,0.0000,0.0000,0.0000,0.0000,0,0,0,0,0,0,0,0,0,0
zc,ME206,2012-06-11 08:40:02.240,0.0000,0,0,0.0000,0.0000,0,0,多换,B,0.0000,0.0000,0.0000,0.0000,0.0000,0.0000,0.0000,0.0000,0.0000,0.0000,0,0,0,0,0,0,0,0,0,0
zc,ME206,2012-06-11 08:41:02.257,0.0000,0,0,0.0000,0.0000,0,0,多换,B,0.0000,0.0000,0.0000,0.0000,0.0000,0.0000,0.0000,0.0000,0.0000,0.0000,0,0,0,0,0,0,0,0,0,0
zc,ME206,2012-06-11 08:42:02.257,0.0000,0,0,0.0000,0.0000,0,0,多换,B,0.0000,0.0000,0.0000,0.0000,0.0000,0.0000,0.0000,0.0000,0.0000,0.0000,0,0,0,0,0,0,0,0,0,0
zc,ME206,2012-06-11 08:43:02.257,0.0000,0,0,0.0000,0.0000,0,0,多换,B,0.0000,0.0000,0.0000,0.0000,0.0000,0.0000,0.0000,0.0000,0.0000,0.0000,0,0,0,0,0,0,0,0,0,0
zc,ME206,2012-06-11 08:44:02.257,0.0000,0,0,0.0000,0.0000,0,0,多换,B,0.0000,0.0000,0.0000,0.0000,0.0000,0.0000,0.0000,0.0000,0.0000,0.0000,0,0,0,0,0,0,0,0,0,0
zc,ME206,2012-06-11 08:45:02.257,0.0000,0,0,0.0000,0.0000,0,0,多换,B,0.0000,0.0000,0.0000,0.0000,0.0000,0.0000,0.0000,0.0000,0.0000,0.0000,0,0,0,0,0,0,0,0,0,0
zc,ME206,2012-06-11 08:46:02.257,0.0000,0,0,0.0000,0.0000,0,0,多换,B,0.0000,0.0000,0.0000,0.0000,0.0000,0.0000,0.0000,0.0000,0.0000,0.0000,0,0,0,0,0,0,0,0,0,0
zc,ME206,2012-06-11 08:47:02.257,0.0000,0,0,0.0000,0.0000,0,0,多换,B,0.0000,0.0000,0.0000,0.0000,0.0000,0.0000,0.0000,0.0000,0.0000,0.0000,0,0,0,0,0,0,0,0,0,0
zc,ME206,2012-06-11 08:48:02.257,0.0000,0,0,0.0000,0.0000,0,0,多换,B,0.0000,0.0000,0.0000,0.0000,0.0000,0.0000,0.0000,0.0000,0.0000,0.0000,0,0,0,0,0,0,0,0,0,0
zc,ME206,2012-06-11 08:49:02.257,0.0000,0,0,0.0000,0.0000,0,0,多换,B,0.0000,0.0000,0.0000,0.0000,0.0000,0.0000,0.0000,0.0000,0.0000,0.0000,0,0,0,0,0,0,0,0,0,0
zc,ME206,2012-06-11 08:50:02.257,0.0000,0,0,0.0000,0.0000,0,0,多换,B,0.0000,0.0000,0.0000,0.0000,0.0000,0.0000,0.0000,0.0000,0.0000,0.0000,0,0,0,0,0,0,0,0,0,0
zc,ME206,2012-06-11 08:51:02.257,0.0000,0,0,0.0000,0.0000,0,0,多换,B,0.0000,0.0000,0.0000,0.0000,0.0000,0.0000,0.0000,0.0000,0.0000,0.0000,0,0,0,0,0,0,0,0,0,0
zc,ME206,2012-06-11 08:52:02.273,0.0000,0,0,0.0000,0.0000,0,0,多换,B,0.0000,0.0000,0.0000,0.0000,0.0000,0.0000,0.0000,0.0000,0.0000,0.0000,0,0,0,0,0,0,0,0,0,0
zc,ME206,2012-06-11 08:53:02.273,0.0000,0,0,0.0000,0.0000,0,0,多换,B,0.0000,0.0000,0.0000,0.0000,0.0000,0.0000,0.0000,0.0000,0.0000,0.0000,0,0,0,0,0,0,0,0,0,0
zc,ME206,2012-06-11 08:54:02.257,0.0000,0,0,0.0000,0.0000,0,0,多换,B,0.0000,0.0000,0.0000,0.0000,0.0000,0.0000,0.0000,0.0000,0.0000,0.0000,0,0,0,0,0,0,0,0,0,0
zc,ME206,2012-06-11 08:55:02.257,0.0000,0,0,0.0000,0.0000,0,0,多换,B,0.0000,0.0000,0.0000,0.0000,0.0000,0.0000,0.0000,0.0000,0.0000,0.0000,0,0,0,0,0,0,0,0,0,0
zc,ME206,2012-06-11 08:56:02.257,0.0000,0,0,0.0000,0.0000,0,0,多换,B,0.0000,0.0000,0.0000,0.0000,0.0000,0.0000,0.0000,0.0000,0.0000,0.0000,0,0,0,0,0,0,0,0,0,0
zc,ME206,2012-06-11 08:57:02.257,0.0000,0,0,0.0000,0.0000,0,0,多换,B,0.0000,0.0000,0.0000,0.0000,0.0000,0.0000,0.0000,0.0000,0.0000,0.0000,0,0,0,0,0,0,0,0,0,0
zc,ME206,2012-06-11 08:58:02.257,0.0000,0,0,0.0000,0.0000,0,0,多换,B,0.0000,0.0000,0.0000,0.0000,0.0000,0.0000,0.0000,0.0000,0.0000,0.0000,0,0,0,0,0,0,0,0,0,0
zc,ME206,2012-06-11 08:59:02.257,0.0000,0,0,0.0000,0.0000,0,0,多换,B,0.0000,0.0000,0.0000,0.0000,0.0000,0.0000,0.0000,0.0000,0.0000,0.0000,0,0,0,0,0,0,0,0,0,0
zc,ME206,2012-06-11 09:00:02.287,0.0000,0,0,0.0000,0.0000,0,0,多换,B,0.0000,0.0000,0.0000,0.0000,0.0000,0.0000,0.0000,0.0000,0.0000,0.0000,0,0,0,0,0,0,0,0,0,0
zc,ME206,2012-06-11 09:01:02.273,0.0000,0,0,0.0000,0.0000,0,0,多换,B,0.0000,0.0000,0.0000,0.0000,0.0000,0.0000,0.0000,0.0000,0.0000,0.0000,0,0,0,0,0,0,0,0,0,0
zc,ME206,2012-06-11 09:02:02.257,0.0000,0,0,0.0000,0.0000,0,0,多换,B,0.0000,0.0000,0.0000,0.0000,0.0000,0.0000,0.0000,0.0000,0.0000,0.0000,0,0,0,0,0,0,0,0,0,0
zc,ME206,2012-06-11 09:03:02.273,0.0000,0,0,0.0000,0.0000,0,0,多换,B,0.0000,0.0000,0.0000,0.0000,0.0000,0.0000,0.0000,0.0000,0.0000,0.0000,0,0,0,0,0,0,0,0,0,0
zc,ME206,2012-06-11 09:04:02.257,0.0000,0,0,0.0000,0.0000,0,0,多换,B,0.0000,0.0000,0.0000,0.0000,0.0000,0.0000,0.0000,0.0000,0.0000,0.0000,0,0,0,0,0,0,0,0,0,0
zc,ME206,2012-06-11 09:05:02.257,0.0000,0,0,0.0000,0.0000,0,0,多换,B,0.0000,0.0000,0.0000,0.0000,0.0000,0.0000,0.0000,0.0000,0.0000,0.0000,0,0,0,0,0,0,0,0,0,0
zc,ME206,2012-06-11 09:06:02.257,0.0000,0,0,0.0000,0.0000,0,0,多换,B,0.0000,0.0000,0.0000,0.0000,0.0000,0.0000,0.0000,0.0000,0.0000,0.0000,0,0,0,0,0,0,0,0,0,0
zc,ME206,2012-06-11 09:07:02.257,0.0000,0,0,0.0000,0.0000,0,0,多换,B,0.0000,0.0000,0.0000,0.0000,0.0000,0.0000,0.0000,0.0000,0.0000,0.0000,0,0,0,0,0,0,0,0,0,0
zc,ME206,2012-06-11 09:08:02.257,0.0000,0,0,0.0000,0.0000,0,0,多换,B,0.0000,0.0000,0.0000,0.0000,0.0000,0.0000,0.0000,0.0000,0.0000,0.0000,0,0,0,0,0,0,0,0,0,0
zc,ME206,2012-06-11 09:09:02.273,0.0000,0,0,0.0000,0.0000,0,0,多换,B,0.0000,0.0000,0.0000,0.0000,0.0000,0.0000,0.0000,0.0000,0.0000,0.0000,0,0,0,0,0,0,0,0,0,0
zc,ME206,2012-06-11 09:10:02.273,0.0000,0,0,0.0000,0.0000,0,0,多换,B,0.0000,0.0000,0.0000,0.0000,0.0000,0.0000,0.0000,0.0000,0.0000,0.0000,0,0,0,0,0,0,0,0,0,0
zc,ME206,2012-06-11 09:11:02.273,0.0000,0,0,0.0000,0.0000,0,0,多换,B,0.0000,0.0000,0.0000,0.0000,0.0000,0.0000,0.0000,0.0000,0.0000,0.0000,0,0,0,0,0,0,0,0,0,0
zc,ME206,2012-06-11 09:12:02.257,0.0000,0,0,0.0000,0.0000,0,0,多换,B,0.0000,0.0000,0.0000,0.0000,0.0000,0.0000,0.0000,0.0000,0.0000,0.0000,0,0,0,0,0,0,0,0,0,0
zc,ME206,2012-06-11 09:13:02.257,0.0000,0,0,0.0000,0.0000,0,0,多换,B,0.0000,0.0000,0.0000,0.0000,0.0000,0.0000,0.0000,0.0000,0.0000,0.0000,0,0,0,0,0,0,0,0,0,0
zc,ME206,2012-06-11 09:14:02.053,0.0000,0,0,0.0000,0.0000,0,0,多换,B,0.0000,0.0000,0.0000,0.0000,0.0000,0.0000,0.0000,0.0000,0.0000,0.0000,0,0,0,0,0,0,0,0,0,0
zc,ME206,2012-06-11 09:15:02.053,0.0000,0,0,0.0000,0.0000,0,0,多换,B,0.0000,0.0000,0.0000,0.0000,0.0000,0.0000,0.0000,0.0000,0.0000,0.0000,0,0,0,0,0,0,0,0,0,0
zc,ME206,2012-06-11 09:16:02.070,0.0000,0,0,0.0000,0.0000,0,0,多换,B,0.0000,0.0000,0.0000,0.0000,0.0000,0.0000,0.0000,0.0000,0.0000,0.0000,0,0,0,0,0,0,0,0,0,0
zc,ME206,2012-06-11 09:17:02.053,0.0000,0,0,0.0000,0.0000,0,0,多换,B,0.0000,0.0000,0.0000,0.0000,0.0000,0.0000,0.0000,0.0000,0.0000,0.0000,0,0,0,0,0,0,0,0,0,0
zc,ME206,2012-06-11 09:18:02.053,0.0000,0,0,0.0000,0.0000,0,0,多换,B,0.0000,0.0000,0.0000,0.0000,0.0000,0.0000,0.0000,0.0000,0.0000,0.0000,0,0,0,0,0,0,0,0,0,0
zc,ME206,2012-06-11 09:19:02.053,0.0000,0,0,0.0000,0.0000,0,0,多换,B,0.0000,0.0000,0.0000,0.0000,0.0000,0.0000,0.0000,0.0000,0.0000,0.0000,0,0,0,0,0,0,0,0,0,0
zc,ME206,2012-06-11 09:20:02.053,0.0000,0,0,0.0000,0.0000,0,0,多换,B,0.0000,0.0000,0.0000,0.0000,0.0000,0.0000,0.0000,0.0000,0.0000,0.0000,0,0,0,0,0,0,0,0,0,0
zc,ME206,2012-06-11 09:21:02.053,0.0000,0,0,0.0000,0.0000,0,0,多换,B,0.0000,0.0000,0.0000,0.0000,0.0000,0.0000,0.0000,0.0000,0.0000,0.0000,0,0,0,0,0,0,0,0,0,0
zc,ME206,2012-06-11 09:22:02.053,0.0000,0,0,0.0000,0.0000,0,0,多换,B,0.0000,0.0000,0.0000,0.0000,0.0000,0.0000,0.0000,0.0000,0.0000,0.0000,0,0,0,0,0,0,0,0,0,0
zc,ME206,2012-06-11 09:23:02.053,0.0000,0,0,0.0000,0.0000,0,0,多换,B,0.0000,0.0000,0.0000,0.0000,0.0000,0.0000,0.0000,0.0000,0.0000,0.0000,0,0,0,0,0,0,0,0,0,0
zc,ME206,2012-06-11 09:24:02.053,0.0000,0,0,0.0000,0.0000,0,0,多换,B,0.0000,0.0000,0.0000,0.0000,0.0000,0.0000,0.0000,0.0000,0.0000,0.0000,0,0,0,0,0,0,0,0,0,0
zc,ME206,2012-06-11 09:25:02.053,0.0000,0,0,0.0000,0.0000,0,0,多换,B,0.0000,0.0000,0.0000,0.0000,0.0000,0.0000,0.0000,0.0000,0.0000,0.0000,0,0,0,0,0,0,0,0,0,0
zc,ME206,2012-06-11 09:26:02.037,0.0000,0,0,0.0000,0.0000,0,0,多换,B,0.0000,0.0000,0.0000,0.0000,0.0000,0.0000,0.0000,0.0000,0.0000,0.0000,0,0,0,0,0,0,0,0,0,0
zc,ME206,2012-06-11 09:27:02.053,0.0000,0,0,0.0000,0.0000,0,0,多换,B,0.0000,0.0000,0.0000,0.0000,0.0000,0.0000,0.0000,0.0000,0.0000,0.0000,0,0,0,0,0,0,0,0,0,0
zc,ME206,2012-06-11 09:28:02.053,0.0000,0,0,0.0000,0.0000,0,0,多换,B,0.0000,0.0000,0.0000,0.0000,0.0000,0.0000,0.0000,0.0000,0.0000,0.0000,0,0,0,0,0,0,0,0,0,0
zc,ME206,2012-06-11 09:29:02.053,0.0000,0,0,0.0000,0.0000,0,0,多换,B,0.0000,0.0000,0.0000,0.0000,0.0000,0.0000,0.0000,0.0000,0.0000,0.0000,0,0,0,0,0,0,0,0,0,0
zc,ME206,2012-06-11 09:30:02.053,0.0000,0,0,0.0000,0.0000,0,0,多换,B,0.0000,0.0000,0.0000,0.0000,0.0000,0.0000,0.0000,0.0000,0.0000,0.0000,0,0,0,0,0,0,0,0,0,0
zc,ME206,2012-06-11 09:31:02.053,0.0000,0,0,0.0000,0.0000,0,0,多换,B,0.0000,0.0000,0.0000,0.0000,0.0000,0.0000,0.0000,0.0000,0.0000,0.0000,0,0,0,0,0,0,0,0,0,0
zc,ME206,2012-06-11 09:32:02.053,0.0000,0,0,0.0000,0.0000,0,0,多换,B,0.0000,0.0000,0.0000,0.0000,0.0000,0.0000,0.0000,0.0000,0.0000,0.0000,0,0,0,0,0,0,0,0,0,0
zc,ME206,2012-06-11 09:33:02.037,0.0000,0,0,0.0000,0.0000,0,0,多换,B,0.0000,0.0000,0.0000,0.0000,0.0000,0.0000,0.0000,0.0000,0.0000,0.0000,0,0,0,0,0,0,0,0,0,0
zc,ME206,2012-06-11 09:34:02.037,0.0000,0,0,0.0000,0.0000,0,0,多换,B,0.0000,0.0000,0.0000,0.0000,0.0000,0.0000,0.0000,0.0000,0.0000,0.0000,0,0,0,0,0,0,0,0,0,0
zc,ME206,2012-06-11 09:35:02.053,0.0000,0,0,0.0000,0.0000,0,0,多换,B,0.0000,0.0000,0.0000,0.0000,0.0000,0.0000,0.0000,0.0000,0.0000,0.0000,0,0,0,0,0,0,0,0,0,0
zc,ME206,2012-06-11 09:36:02.053,0.0000,0,0,0.0000,0.0000,0,0,多换,B,0.0000,0.0000,0.0000,0.0000,0.0000,0.0000,0.0000,0.0000,0.0000,0.0000,0,0,0,0,0,0,0,0,0,0
zc,ME206,2012-06-11 09:37:02.053,0.0000,0,0,0.0000,0.0000,0,0,多换,B,0.0000,0.0000,0.0000,0.0000,0.0000,0.0000,0.0000,0.0000,0.0000,0.0000,0,0,0,0,0,0,0,0,0,0
zc,ME206,2012-06-11 09:38:02.053,0.0000,0,0,0.0000,0.0000,0,0,多换,B,0.0000,0.0000,0.0000,0.0000,0.0000,0.0000,0.0000,0.0000,0.0000,0.0000,0,0,0,0,0,0,0,0,0,0
zc,ME206,2012-06-11 09:39:02.053,0.0000,0,0,0.0000,0.0000,0,0,多换,B,0.0000,0.0000,0.0000,0.0000,0.0000,0.0000,0.0000,0.0000,0.0000,0.0000,0,0,0,0,0,0,0,0,0,0
zc,ME206,2012-06-11 09:40:02.053,0.0000,0,0,0.0000,0.0000,0,0,多换,B,0.0000,0.0000,0.0000,0.0000,0.0000,0.0000,0.0000,0.0000,0.0000,0.0000,0,0,0,0,0,0,0,0,0,0
zc,ME206,2012-06-11 09:41:02.037,0.0000,0,0,0.0000,0.0000,0,0,多换,B,0.0000,0.0000,0.0000,0.0000,0.0000,0.0000,0.0000,0.0000,0.0000,0.0000,0,0,0,0,0,0,0,0,0,0
zc,ME206,2012-06-11 09:42:02.053,0.0000,0,0,0.0000,0.0000,0,0,多换,B,0.0000,0.0000,0.0000,0.0000,0.0000,0.0000,0.0000,0.0000,0.0000,0.0000,0,0,0,0,0,0,0,0,0,0
zc,ME206,2012-06-11 09:43:02.053,0.0000,0,0,0.0000,0.0000,0,0,多换,B,0.0000,0.0000,0.0000,0.0000,0.0000,0.0000,0.0000,0.0000,0.0000,0.0000,0,0,0,0,0,0,0,0,0,0
zc,ME206,2012-06-11 09:44:02.053,0.0000,0,0,0.0000,0.0000,0,0,多换,B,0.0000,0.0000,0.0000,0.0000,0.0000,0.0000,0.0000,0.0000,0.0000,0.0000,0,0,0,0,0,0,0,0,0,0
zc,ME206,2012-06-11 09:45:02.037,0.0000,0,0,0.0000,0.0000,0,0,多换,B,0.0000,0.0000,0.0000,0.0000,0.0000,0.0000,0.0000,0.0000,0.0000,0.0000,0,0,0,0,0,0,0,0,0,0
zc,ME206,2012-06-11 09:46:02.053,0.0000,0,0,0.0000,0.0000,0,0,多换,B,0.0000,0.0000,0.0000,0.0000,0.0000,0.0000,0.0000,0.0000,0.0000,0.0000,0,0,0,0,0,0,0,0,0,0
zc,ME206,2012-06-11 09:47:02.053,0.0000,0,0,0.0000,0.0000,0,0,多换,B,0.0000,0.0000,0.0000,0.0000,0.0000,0.0000,0.0000,0.0000,0.0000,0.0000,0,0,0,0,0,0,0,0,0,0
zc,ME206,2012-06-11 09:48:02.037,0.0000,0,0,0.0000,0.0000,0,0,多换,B,0.0000,0.0000,0.0000,0.0000,0.0000,0.0000,0.0000,0.0000,0.0000,0.0000,0,0,0,0,0,0,0,0,0,0
zc,ME206,2012-06-11 09:49:02.037,0.0000,0,0,0.0000,0.0000,0,0,多换,B,0.0000,0.0000,0.0000,0.0000,0.0000,0.0000,0.0000,0.0000,0.0000,0.0000,0,0,0,0,0,0,0,0,0,0
zc,ME206,2012-06-11 09:50:02.053,0.0000,0,0,0.0000,0.0000,0,0,多换,B,0.0000,0.0000,0.0000,0.0000,0.0000,0.0000,0.0000,0.0000,0.0000,0.0000,0,0,0,0,0,0,0,0,0,0
zc,ME206,2012-06-11 09:51:02.037,0.0000,0,0,0.0000,0.0000,0,0,多换,B,0.0000,0.0000,0.0000,0.0000,0.0000,0.0000,0.0000,0.0000,0.0000,0.0000,0,0,0,0,0,0,0,0,0,0
zc,ME206,2012-06-11 09:52:02.037,0.0000,0,0,0.0000,0.0000,0,0,多换,B,0.0000,0.0000,0.0000,0.0000,0.0000,0.0000,0.0000,0.0000,0.0000,0.0000,0,0,0,0,0,0,0,0,0,0
zc,ME206,2012-06-11 09:53:02.037,0.0000,0,0,0.0000,0.0000,0,0,多换,B,0.0000,0.0000,0.0000,0.0000,0.0000,0.0000,0.0000,0.0000,0.0000,0.0000,0,0,0,0,0,0,0,0,0,0
zc,ME206,2012-06-11 09:54:02.037,0.0000,0,0,0.0000,0.0000,0,0,多换,B,0.0000,0.0000,0.0000,0.0000,0.0000,0.0000,0.0000,0.0000,0.0000,0.0000,0,0,0,0,0,0,0,0,0,0
zc,ME206,2012-06-11 09:55:02.037,0.0000,0,0,0.0000,0.0000,0,0,多换,B,0.0000,0.0000,0.0000,0.0000,0.0000,0.0000,0.0000,0.0000,0.0000,0.0000,0,0,0,0,0,0,0,0,0,0
zc,ME206,2012-06-11 09:56:02.037,0.0000,0,0,0.0000,0.0000,0,0,多换,B,0.0000,0.0000,0.0000,0.0000,0.0000,0.0000,0.0000,0.0000,0.0000,0.0000,0,0,0,0,0,0,0,0,0,0
zc,ME206,2012-06-11 09:57:02.037,0.0000,0,0,0.0000,0.0000,0,0,多换,B,0.0000,0.0000,0.0000,0.0000,0.0000,0.0000,0.0000,0.0000,0.0000,0.0000,0,0,0,0,0,0,0,0,0,0
zc,ME206,2012-06-11 09:58:02.023,0.0000,0,0,0.0000,0.0000,0,0,多换,B,0.0000,0.0000,0.0000,0.0000,0.0000,0.0000,0.0000,0.0000,0.0000,0.0000,0,0,0,0,0,0,0,0,0,0
zc,ME206,2012-06-11 09:59:02.037,0.0000,0,0,0.0000,0.0000,0,0,多换,B,0.0000,0.0000,0.0000,0.0000,0.0000,0.0000,0.0000,0.0000,0.0000,0.0000,0,0,0,0,0,0,0,0,0,0
zc,ME206,2012-06-11 10:00:02.037,0.0000,0,0,0.0000,0.0000,0,0,多换,B,0.0000,0.0000,0.0000,0.0000,0.0000,0.0000,0.0000,0.0000,0.0000,0.0000,0,0,0,0,0,0,0,0,0,0
zc,ME206,2012-06-11 10:01:02.037,0.0000,0,0,0.0000,0.0000,0,0,多换,B,0.0000,0.0000,0.0000,0.0000,0.0000,0.0000,0.0000,0.0000,0.0000,0.0000,0,0,0,0,0,0,0,0,0,0
zc,ME206,2012-06-11 10:02:02.023,0.0000,0,0,0.0000,0.0000,0,0,多换,B,0.0000,0.0000,0.0000,0.0000,0.0000,0.0000,0.0000,0.0000,0.0000,0.0000,0,0,0,0,0,0,0,0,0,0
zc,ME206,2012-06-11 10:03:02.023,0.0000,0,0,0.0000,0.0000,0,0,多换,B,0.0000,0.0000,0.0000,0.0000,0.0000,0.0000,0.0000,0.0000,0.0000,0.0000,0,0,0,0,0,0,0,0,0,0
zc,ME206,2012-06-11 10:04:02.023,0.0000,0,0,0.0000,0.0000,0,0,多换,B,0.0000,0.0000,0.0000,0.0000,0.0000,0.0000,0.0000,0.0000,0.0000,0.0000,0,0,0,0,0,0,0,0,0,0
zc,ME206,2012-06-11 10:05:02.037,0.0000,0,0,0.0000,0.0000,0,0,多换,B,0.0000,0.0000,0.0000,0.0000,0.0000,0.0000,0.0000,0.0000,0.0000,0.0000,0,0,0,0,0,0,0,0,0,0
zc,ME206,2012-06-11 10:06:02.023,0.0000,0,0,0.0000,0.0000,0,0,多换,B,0.0000,0.0000,0.0000,0.0000,0.0000,0.0000,0.0000,0.0000,0.0000,0.0000,0,0,0,0,0,0,0,0,0,0
zc,ME206,2012-06-11 10:07:02.023,0.0000,0,0,0.0000,0.0000,0,0,多换,B,0.0000,0.0000,0.0000,0.0000,0.0000,0.0000,0.0000,0.0000,0.0000,0.0000,0,0,0,0,0,0,0,0,0,0
zc,ME206,2012-06-11 10:08:02.023,0.0000,0,0,0.0000,0.0000,0,0,多换,B,0.0000,0.0000,0.0000,0.0000,0.0000,0.0000,0.0000,0.0000,0.0000,0.0000,0,0,0,0,0,0,0,0,0,0
zc,ME206,2012-06-11 10:09:02.023,0.0000,0,0,0.0000,0.0000,0,0,多换,B,0.0000,0.0000,0.0000,0.0000,0.0000,0.0000,0.0000,0.0000,0.0000,0.0000,0,0,0,0,0,0,0,0,0,0
zc,ME206,2012-06-11 10:10:02.023,0.0000,0,0,0.0000,0.0000,0,0,多换,B,0.0000,0.0000,0.0000,0.0000,0.0000,0.0000,0.0000,0.0000,0.0000,0.0000,0,0,0,0,0,0,0,0,0,0
zc,ME206,2012-06-11 10:11:02.023,0.0000,0,0,0.0000,0.0000,0,0,多换,B,0.0000,0.0000,0.0000,0.0000,0.0000,0.0000,0.0000,0.0000,0.0000,0.0000,0,0,0,0,0,0,0,0,0,0
zc,ME206,2012-06-11 10:12:02.023,0.0000,0,0,0.0000,0.0000,0,0,多换,B,0.0000,0.0000,0.0000,0.0000,0.0000,0.0000,0.0000,0.0000,0.0000,0.0000,0,0,0,0,0,0,0,0,0,0
zc,ME206,2012-06-11 10:13:02.037,0.0000,0,0,0.0000,0.0000,0,0,多换,B,0.0000,0.0000,0.0000,0.0000,0.0000,0.0000,0.0000,0.0000,0.0000,0.0000,0,0,0,0,0,0,0,0,0,0
zc,ME206,2012-06-11 10:14:02.037,0.0000,0,0,0.0000,0.0000,0,0,多换,B,0.0000,0.0000,0.0000,0.0000,0.0000,0.0000,0.0000,0.0000,0.0000,0.0000,0,0,0,0,0,0,0,0,0,0
zc,ME206,2012-06-11 10:15:02.037,0.0000,0,0,0.0000,0.0000,0,0,多换,B,0.0000,0.0000,0.0000,0.0000,0.0000,0.0000,0.0000,0.0000,0.0000,0.0000,0,0,0,0,0,0,0,0,0,0
zc,ME206,2012-06-11 10:16:02.023,0.0000,0,0,0.0000,0.0000,0,0,多换,B,0.0000,0.0000,0.0000,0.0000,0.0000,0.0000,0.0000,0.0000,0.0000,0.0000,0,0,0,0,0,0,0,0,0,0
zc,ME206,2012-06-11 10:17:02.023,0.0000,0,0,0.0000,0.0000,0,0,多换,B,0.0000,0.0000,0.0000,0.0000,0.0000,0.0000,0.0000,0.0000,0.0000,0.0000,0,0,0,0,0,0,0,0,0,0
zc,ME206,2012-06-11 10:18:02.023,0.0000,0,0,0.0000,0.0000,0,0,多换,B,0.0000,0.0000,0.0000,0.0000,0.0000,0.0000,0.0000,0.0000,0.0000,0.0000,0,0,0,0,0,0,0,0,0,0
zc,ME206,2012-06-11 10:19:02.037,0.0000,0,0,0.0000,0.0000,0,0,多换,B,0.0000,0.0000,0.0000,0.0000,0.0000,0.0000,0.0000,0.0000,0.0000,0.0000,0,0,0,0,0,0,0,0,0,0
zc,ME206,2012-06-11 10:20:02.037,0.0000,0,0,0.0000,0.0000,0,0,多换,B,0.0000,0.0000,0.0000,0.0000,0.0000,0.0000,0.0000,0.0000,0.0000,0.0000,0,0,0,0,0,0,0,0,0,0
zc,ME206,2012-06-11 10:21:02.037,0.0000,0,0,0.0000,0.0000,0,0,多换,B,0.0000,0.0000,0.0000,0.0000,0.0000,0.0000,0.0000,0.0000,0.0000,0.0000,0,0,0,0,0,0,0,0,0,0
zc,ME206,2012-06-11 10:22:02.037,0.0000,0,0,0.0000,0.0000,0,0,多换,B,0.0000,0.0000,0.0000,0.0000,0.0000,0.0000,0.0000,0.0000,0.0000,0.0000,0,0,0,0,0,0,0,0,0,0
zc,ME206,2012-06-11 10:23:02.037,0.0000,0,0,0.0000,0.0000,0,0,多换,B,0.0000,0.0000,0.0000,0.0000,0.0000,0.0000,0.0000,0.0000,0.0000,0.0000,0,0,0,0,0,0,0,0,0,0
zc,ME206,2012-06-11 10:24:02.037,0.0000,0,0,0.0000,0.0000,0,0,多换,B,0.0000,0.0000,0.0000,0.0000,0.0000,0.0000,0.0000,0.0000,0.0000,0.0000,0,0,0,0,0,0,0,0,0,0
zc,ME206,2012-06-11 10:25:02.037,0.0000,0,0,0.0000,0.0000,0,0,多换,B,0.0000,0.0000,0.0000,0.0000,0.0000,0.0000,0.0000,0.0000,0.0000,0.0000,0,0,0,0,0,0,0,0,0,0
zc,ME206,2012-06-11 10:26:02.037,0.0000,0,0,0.0000,0.0000,0,0,多换,B,0.0000,0.0000,0.0000,0.0000,0.0000,0.0000,0.0000,0.0000,0.0000,0.0000,0,0,0,0,0,0,0,0,0,0
zc,ME206,2012-06-11 10:27:02.037,0.0000,0,0,0.0000,0.0000,0,0,多换,B,0.0000,0.0000,0.0000,0.0000,0.0000,0.0000,0.0000,0.0000,0.0000,0.0000,0,0,0,0,0,0,0,0,0,0
zc,ME206,2012-06-11 10:28:02.037,0.0000,0,0,0.0000,0.0000,0,0,多换,B,0.0000,0.0000,0.0000,0.0000,0.0000,0.0000,0.0000,0.0000,0.0000,0.0000,0,0,0,0,0,0,0,0,0,0
zc,ME206,2012-06-11 10:29:02.023,0.0000,0,0,0.0000,0.0000,0,0,多换,B,0.0000,0.0000,0.0000,0.0000,0.0000,0.0000,0.0000,0.0000,0.0000,0.0000,0,0,0,0,0,0,0,0,0,0
zc,ME206,2012-06-11 10:30:02.037,0.0000,0,0,0.0000,0.0000,0,0,多换,B,0.0000,0.0000,0.0000,0.0000,0.0000,0.0000,0.0000,0.0000,0.0000,0.0000,0,0,0,0,0,0,0,0,0,0
zc,ME206,2012-06-11 10:31:02.023,0.0000,0,0,0.0000,0.0000,0,0,多换,B,0.0000,0.0000,0.0000,0.0000,0.0000,0.0000,0.0000,0.0000,0.0000,0.0000,0,0,0,0,0,0,0,0,0,0
zc,ME206,2012-06-11 10:32:02.023,0.0000,0,0,0.0000,0.0000,0,0,多换,B,0.0000,0.0000,0.0000,0.0000,0.0000,0.0000,0.0000,0.0000,0.0000,0.0000,0,0,0,0,0,0,0,0,0,0
zc,ME206,2012-06-11 10:33:02.023,0.0000,0,0,0.0000,0.0000,0,0,多换,B,0.0000,0.0000,0.0000,0.0000,0.0000,0.0000,0.0000,0.0000,0.0000,0.0000,0,0,0,0,0,0,0,0,0,0
zc,ME206,2012-06-11 10:34:02.023,0.0000,0,0,0.0000,0.0000,0,0,多换,B,0.0000,0.0000,0.0000,0.0000,0.0000,0.0000,0.0000,0.0000,0.0000,0.0000,0,0,0,0,0,0,0,0,0,0
zc,ME206,2012-06-11 10:35:02.023,0.0000,0,0,0.0000,0.0000,0,0,多换,B,0.0000,0.0000,0.0000,0.0000,0.0000,0.0000,0.0000,0.0000,0.0000,0.0000,0,0,0,0,0,0,0,0,0,0
zc,ME206,2012-06-11 10:36:02.023,0.0000,0,0,0.0000,0.0000,0,0,多换,B,0.0000,0.0000,0.0000,0.0000,0.0000,0.0000,0.0000,0.0000,0.0000,0.0000,0,0,0,0,0,0,0,0,0,0
zc,ME206,2012-06-11 10:37:02.023,0.0000,0,0,0.0000,0.0000,0,0,多换,B,0.0000,0.0000,0.0000,0.0000,0.0000,0.0000,0.0000,0.0000,0.0000,0.0000,0,0,0,0,0,0,0,0,0,0
zc,ME206,2012-06-11 10:38:02.023,0.0000,0,0,0.0000,0.0000,0,0,多换,B,0.0000,0.0000,0.0000,0.0000,0.0000,0.0000,0.0000,0.0000,0.0000,0.0000,0,0,0,0,0,0,0,0,0,0
zc,ME206,2012-06-11 10:39:02.023,0.0000,0,0,0.0000,0.0000,0,0,多换,B,0.0000,0.0000,0.0000,0.0000,0.0000,0.0000,0.0000,0.0000,0.0000,0.0000,0,0,0,0,0,0,0,0,0,0
zc,ME206,2012-06-11 10:40:02.023,0.0000,0,0,0.0000,0.0000,0,0,多换,B,0.0000,0.0000,0.0000,0.0000,0.0000,0.0000,0.0000,0.0000,0.0000,0.0000,0,0,0,0,0,0,0,0,0,0
zc,ME206,2012-06-11 10:41:02.023,0.0000,0,0,0.0000,0.0000,0,0,多换,B,0.0000,0.0000,0.0000,0.0000,0.0000,0.0000,0.0000,0.0000,0.0000,0.0000,0,0,0,0,0,0,0,0,0,0
zc,ME206,2012-06-11 10:42:02.023,0.0000,0,0,0.0000,0.0000,0,0,多换,B,0.0000,0.0000,0.0000,0.0000,0.0000,0.0000,0.0000,0.0000,0.0000,0.0000,0,0,0,0,0,0,0,0,0,0
zc,ME206,2012-06-11 10:43:02.023,0.0000,0,0,0.0000,0.0000,0,0,多换,B,0.0000,0.0000,0.0000,0.0000,0.0000,0.0000,0.0000,0.0000,0.0000,0.0000,0,0,0,0,0,0,0,0,0,0
zc,ME206,2012-06-11 10:44:02.023,0.0000,0,0,0.0000,0.0000,0,0,多换,B,0.0000,0.0000,0.0000,0.0000,0.0000,0.0000,0.0000,0.0000,0.0000,0.0000,0,0,0,0,0,0,0,0,0,0
zc,ME206,2012-06-11 10:45:02.023,0.0000,0,0,0.0000,0.0000,0,0,多换,B,0.0000,0.0000,0.0000,0.0000,0.0000,0.0000,0.0000,0.0000,0.0000,0.0000,0,0,0,0,0,0,0,0,0,0
zc,ME206,2012-06-11 10:46:02.023,0.0000,0,0,0.0000,0.0000,0,0,多换,B,0.0000,0.0000,0.0000,0.0000,0.0000,0.0000,0.0000,0.0000,0.0000,0.0000,0,0,0,0,0,0,0,0,0,0
zc,ME206,2012-06-11 10:47:02.007,0.0000,0,0,0.0000,0.0000,0,0,多换,B,0.0000,0.0000,0.0000,0.0000,0.0000,0.0000,0.0000,0.0000,0.0000,0.0000,0,0,0,0,0,0,0,0,0,0
zc,ME206,2012-06-11 10:48:02.007,0.0000,0,0,0.0000,0.0000,0,0,多换,B,0.0000,0.0000,0.0000,0.0000,0.0000,0.0000,0.0000,0.0000,0.0000,0.0000,0,0,0,0,0,0,0,0,0,0
zc,ME206,2012-06-11 10:49:02.007,0.0000,0,0,0.0000,0.0000,0,0,多换,B,0.0000,0.0000,0.0000,0.0000,0.0000,0.0000,0.0000,0.0000,0.0000,0.0000,0,0,0,0,0,0,0,0,0,0
zc,ME206,2012-06-11 10:50:02.007,0.0000,0,0,0.0000,0.0000,0,0,多换,B,0.0000,0.0000,0.0000,0.0000,0.0000,0.0000,0.0000,0.0000,0.0000,0.0000,0,0,0,0,0,0,0,0,0,0
zc,ME206,2012-06-11 10:51:02.007,0.0000,0,0,0.0000,0.0000,0,0,多换,B,0.0000,0.0000,0.0000,0.0000,0.0000,0.0000,0.0000,0.0000,0.0000,0.0000,0,0,0,0,0,0,0,0,0,0
zc,ME206,2012-06-11 10:52:02.007,0.0000,0,0,0.0000,0.0000,0,0,多换,B,0.0000,0.0000,0.0000,0.0000,0.0000,0.0000,0.0000,0.0000,0.0000,0.0000,0,0,0,0,0,0,0,0,0,0
zc,ME206,2012-06-11 10:53:02.007,0.0000,0,0,0.0000,0.0000,0,0,多换,B,0.0000,0.0000,0.0000,0.0000,0.0000,0.0000,0.0000,0.0000,0.0000,0.0000,0,0,0,0,0,0,0,0,0,0
zc,ME206,2012-06-11 10:54:02.007,0.0000,0,0,0.0000,0.0000,0,0,多换,B,0.0000,0.0000,0.0000,0.0000,0.0000,0.0000,0.0000,0.0000,0.0000,0.0000,0,0,0,0,0,0,0,0,0,0
zc,ME206,2012-06-11 10:55:02.007,0.0000,0,0,0.0000,0.0000,0,0,多换,B,0.0000,0.0000,0.0000,0.0000,0.0000,0.0000,0.0000,0.0000,0.0000,0.0000,0,0,0,0,0,0,0,0,0,0
zc,ME206,2012-06-11 10:56:02.007,0.0000,0,0,0.0000,0.0000,0,0,多换,B,0.0000,0.0000,0.0000,0.0000,0.0000,0.0000,0.0000,0.0000,0.0000,0.0000,0,0,0,0,0,0,0,0,0,0
zc,ME206,2012-06-11 10:57:02.007,0.0000,0,0,0.0000,0.0000,0,0,多换,B,0.0000,0.0000,0.0000,0.0000,0.0000,0.0000,0.0000,0.0000,0.0000,0.0000,0,0,0,0,0,0,0,0,0,0
zc,ME206,2012-06-11 10:58:02.007,0.0000,0,0,0.0000,0.0000,0,0,多换,B,0.0000,0.0000,0.0000,0.0000,0.0000,0.0000,0.0000,0.0000,0.0000,0.0000,0,0,0,0,0,0,0,0,0,0
zc,ME206,2012-06-11 10:59:02.007,0.0000,0,0,0.0000,0.0000,0,0,多换,B,0.0000,0.0000,0.0000,0.0000,0.0000,0.0000,0.0000,0.0000,0.0000,0.0000,0,0,0,0,0,0,0,0,0,0
zc,ME206,2012-06-11 11:00:01.990,0.0000,0,0,0.0000,0.0000,0,0,多换,B,0.0000,0.0000,0.0000,0.0000,0.0000,0.0000,0.0000,0.0000,0.0000,0.0000,0,0,0,0,0,0,0,0,0,0
zc,ME206,2012-06-11 11:01:02.007,0.0000,0,0,0.0000,0.0000,0,0,多换,B,0.0000,0.0000,0.0000,0.0000,0.0000,0.0000,0.0000,0.0000,0.0000,0.0000,0,0,0,0,0,0,0,0,0,0
zc,ME206,2012-06-11 11:02:01.990,0.0000,0,0,0.0000,0.0000,0,0,多换,B,0.0000,0.0000,0.0000,0.0000,0.0000,0.0000,0.0000,0.0000,0.0000,0.0000,0,0,0,0,0,0,0,0,0,0
zc,ME206,2012-06-11 11:03:01.990,0.0000,0,0,0.0000,0.0000,0,0,多换,B,0.0000,0.0000,0.0000,0.0000,0.0000,0.0000,0.0000,0.0000,0.0000,0.0000,0,0,0,0,0,0,0,0,0,0
zc,ME206,2012-06-11 11:04:01.990,0.0000,0,0,0.0000,0.0000,0,0,多换,B,0.0000,0.0000,0.0000,0.0000,0.0000,0.0000,0.0000,0.0000,0.0000,0.0000,0,0,0,0,0,0,0,0,0,0
zc,ME206,2012-06-11 11:05:02.007,0.0000,0,0,0.0000,0.0000,0,0,多换,B,0.0000,0.0000,0.0000,0.0000,0.0000,0.0000,0.0000,0.0000,0.0000,0.0000,0,0,0,0,0,0,0,0,0,0
zc,ME206,2012-06-11 11:06:01.990,0.0000,0,0,0.0000,0.0000,0,0,多换,B,0.0000,0.0000,0.0000,0.0000,0.0000,0.0000,0.0000,0.0000,0.0000,0.0000,0,0,0,0,0,0,0,0,0,0
zc,ME206,2012-06-11 11:07:01.990,0.0000,0,0,0.0000,0.0000,0,0,多换,B,0.0000,0.0000,0.0000,0.0000,0.0000,0.0000,0.0000,0.0000,0.0000,0.0000,0,0,0,0,0,0,0,0,0,0
zc,ME206,2012-06-11 11:08:02.007,0.0000,0,0,0.0000,0.0000,0,0,多换,B,0.0000,0.0000,0.0000,0.0000,0.0000,0.0000,0.0000,0.0000,0.0000,0.0000,0,0,0,0,0,0,0,0,0,0
zc,ME206,2012-06-11 11:09:01.990,0.0000,0,0,0.0000,0.0000,0,0,多换,B,0.0000,0.0000,0.0000,0.0000,0.0000,0.0000,0.0000,0.0000,0.0000,0.0000,0,0,0,0,0,0,0,0,0,0
zc,ME206,2012-06-11 11:10:02.007,0.0000,0,0,0.0000,0.0000,0,0,多换,B,0.0000,0.0000,0.0000,0.0000,0.0000,0.0000,0.0000,0.0000,0.0000,0.0000,0,0,0,0,0,0,0,0,0,0
zc,ME206,2012-06-11 11:11:01.990,0.0000,0,0,0.0000,0.0000,0,0,多换,B,0.0000,0.0000,0.0000,0.0000,0.0000,0.0000,0.0000,0.0000,0.0000,0.0000,0,0,0,0,0,0,0,0,0,0
zc,ME206,2012-06-11 11:12:01.990,0.0000,0,0,0.0000,0.0000,0,0,多换,B,0.0000,0.0000,0.0000,0.0000,0.0000,0.0000,0.0000,0.0000,0.0000,0.0000,0,0,0,0,0,0,0,0,0,0
zc,ME206,2012-06-11 11:13:01.990,0.0000,0,0,0.0000,0.0000,0,0,多换,B,0.0000,0.0000,0.0000,0.0000,0.0000,0.0000,0.0000,0.0000,0.0000,0.0000,0,0,0,0,0,0,0,0,0,0
zc,ME206,2012-06-11 11:14:01.990,0.0000,0,0,0.0000,0.0000,0,0,多换,B,0.0000,0.0000,0.0000,0.0000,0.0000,0.0000,0.0000,0.0000,0.0000,0.0000,0,0,0,0,0,0,0,0,0,0
zc,ME206,2012-06-11 11:15:01.977,0.0000,0,0,0.0000,0.0000,0,0,多换,B,0.0000,0.0000,0.0000,0.0000,0.0000,0.0000,0.0000,0.0000,0.0000,0.0000,0,0,0,0,0,0,0,0,0,0
zc,ME206,2012-06-11 11:16:01.977,0.0000,0,0,0.0000,0.0000,0,0,多换,B,0.0000,0.0000,0.0000,0.0000,0.0000,0.0000,0.0000,0.0000,0.0000,0.0000,0,0,0,0,0,0,0,0,0,0
zc,ME206,2012-06-11 11:17:01.990,0.0000,0,0,0.0000,0.0000,0,0,多换,B,0.0000,0.0000,0.0000,0.0000,0.0000,0.0000,0.0000,0.0000,0.0000,0.0000,0,0,0,0,0,0,0,0,0,0
zc,ME206,2012-06-11 11:18:01.990,0.0000,0,0,0.0000,0.0000,0,0,多换,B,0.0000,0.0000,0.0000,0.0000,0.0000,0.0000,0.0000,0.0000,0.0000,0.0000,0,0,0,0,0,0,0,0,0,0
zc,ME206,2012-06-11 11:19:01.977,0.0000,0,0,0.0000,0.0000,0,0,多换,B,0.0000,0.0000,0.0000,0.0000,0.0000,0.0000,0.0000,0.0000,0.0000,0.0000,0,0,0,0,0,0,0,0,0,0
zc,ME206,2012-06-11 11:20:01.977,0.0000,0,0,0.0000,0.0000,0,0,多换,B,0.0000,0.0000,0.0000,0.0000,0.0000,0.0000,0.0000,0.0000,0.0000,0.0000,0,0,0,0,0,0,0,0,0,0
zc,ME206,2012-06-11 11:21:01.977,0.0000,0,0,0.0000,0.0000,0,0,多换,B,0.0000,0.0000,0.0000,0.0000,0.0000,0.0000,0.0000,0.0000,0.0000,0.0000,0,0,0,0,0,0,0,0,0,0
zc,ME206,2012-06-11 11:22:01.990,0.0000,0,0,0.0000,0.0000,0,0,多换,B,0.0000,0.0000,0.0000,0.0000,0.0000,0.0000,0.0000,0.0000,0.0000,0.0000,0,0,0,0,0,0,0,0,0,0
zc,ME206,2012-06-11 11:23:01.977,0.0000,0,0,0.0000,0.0000,0,0,多换,B,0.0000,0.0000,0.0000,0.0000,0.0000,0.0000,0.0000,0.0000,0.0000,0.0000,0,0,0,0,0,0,0,0,0,0
zc,ME206,2012-06-11 11:24:01.977,0.0000,0,0,0.0000,0.0000,0,0,多换,B,0.0000,0.0000,0.0000,0.0000,0.0000,0.0000,0.0000,0.0000,0.0000,0.0000,0,0,0,0,0,0,0,0,0,0
zc,ME206,2012-06-11 11:25:01.977,0.0000,0,0,0.0000,0.0000,0,0,多换,B,0.0000,0.0000,0.0000,0.0000,0.0000,0.0000,0.0000,0.0000,0.0000,0.0000,0,0,0,0,0,0,0,0,0,0
zc,ME206,2012-06-11 11:26:01.977,0.0000,0,0,0.0000,0.0000,0,0,多换,B,0.0000,0.0000,0.0000,0.0000,0.0000,0.0000,0.0000,0.0000,0.0000,0.0000,0,0,0,0,0,0,0,0,0,0
zc,ME206,2012-06-11 11:27:01.977,0.0000,0,0,0.0000,0.0000,0,0,多换,B,0.0000,0.0000,0.0000,0.0000,0.0000,0.0000,0.0000,0.0000,0.0000,0.0000,0,0,0,0,0,0,0,0,0,0
zc,ME206,2012-06-11 11:28:01.960,0.0000,0,0,0.0000,0.0000,0,0,多换,B,0.0000,0.0000,0.0000,0.0000,0.0000,0.0000,0.0000,0.0000,0.0000,0.0000,0,0,0,0,0,0,0,0,0,0
zc,ME206,2012-06-11 11:29:01.960,0.0000,0,0,0.0000,0.0000,0,0,多换,B,0.0000,0.0000,0.0000,0.0000,0.0000,0.0000,0.0000,0.0000,0.0000,0.0000,0,0,0,0,0,0,0,0,0,0
zc,ME206,2012-06-11 11:30:01.960,0.0000,0,0,0.0000,0.0000,0,0,多换,B,0.0000,0.0000,0.0000,0.0000,0.0000,0.0000,0.0000,0.0000,0.0000,0.0000,0,0,0,0,0,0,0,0,0,0
zc,ME206,2012-06-11 11:31:01.960,0.0000,0,0,0.0000,0.0000,0,0,多换,B,0.0000,0.0000,0.0000,0.0000,0.0000,0.0000,0.0000,0.0000,0.0000,0.0000,0,0,0,0,0,0,0,0,0,0
zc,ME206,2012-06-11 11:32:01.960,0.0000,0,0,0.0000,0.0000,0,0,多换,B,0.0000,0.0000,0.0000,0.0000,0.0000,0.0000,0.0000,0.0000,0.0000,0.0000,0,0,0,0,0,0,0,0,0,0
zc,ME206,2012-06-11 11:33:01.960,0.0000,0,0,0.0000,0.0000,0,0,多换,B,0.0000,0.0000,0.0000,0.0000,0.0000,0.0000,0.0000,0.0000,0.0000,0.0000,0,0,0,0,0,0,0,0,0,0
zc,ME206,2012-06-11 11:34:01.960,0.0000,0,0,0.0000,0.0000,0,0,多换,B,0.0000,0.0000,0.0000,0.0000,0.0000,0.0000,0.0000,0.0000,0.0000,0.0000,0,0,0,0,0,0,0,0,0,0
zc,ME206,2012-06-11 11:35:01.960,0.0000,0,0,0.0000,0.0000,0,0,多换,B,0.0000,0.0000,0.0000,0.0000,0.0000,0.0000,0.0000,0.0000,0.0000,0.0000,0,0,0,0,0,0,0,0,0,0
zc,ME206,2012-06-11 11:36:01.960,0.0000,0,0,0.0000,0.0000,0,0,多换,B,0.0000,0.0000,0.0000,0.0000,0.0000,0.0000,0.0000,0.0000,0.0000,0.0000,0,0,0,0,0,0,0,0,0,0
zc,ME206,2012-06-11 11:37:01.960,0.0000,0,0,0.0000,0.0000,0,0,多换,B,0.0000,0.0000,0.0000,0.0000,0.0000,0.0000,0.0000,0.0000,0.0000,0.0000,0,0,0,0,0,0,0,0,0,0
zc,ME206,2012-06-11 11:38:01.960,0.0000,0,0,0.0000,0.0000,0,0,多换,B,0.0000,0.0000,0.0000,0.0000,0.0000,0.0000,0.0000,0.0000,0.0000,0.0000,0,0,0,0,0,0,0,0,0,0
zc,ME206,2012-06-11 11:39:01.960,0.0000,0,0,0.0000,0.0000,0,0,多换,B,0.0000,0.0000,0.0000,0.0000,0.0000,0.0000,0.0000,0.0000,0.0000,0.0000,0,0,0,0,0,0,0,0,0,0
zc,ME206,2012-06-11 11:40:01.960,0.0000,0,0,0.0000,0.0000,0,0,多换,B,0.0000,0.0000,0.0000,0.0000,0.0000,0.0000,0.0000,0.0000,0.0000,0.0000,0,0,0,0,0,0,0,0,0,0
zc,ME206,2012-06-11 11:41:01.947,0.0000,0,0,0.0000,0.0000,0,0,多换,B,0.0000,0.0000,0.0000,0.0000,0.0000,0.0000,0.0000,0.0000,0.0000,0.0000,0,0,0,0,0,0,0,0,0,0
zc,ME206,2012-06-11 11:42:01.960,0.0000,0,0,0.0000,0.0000,0,0,多换,B,0.0000,0.0000,0.0000,0.0000,0.0000,0.0000,0.0000,0.0000,0.0000,0.0000,0,0,0,0,0,0,0,0,0,0
zc,ME206,2012-06-11 11:43:01.947,0.0000,0,0,0.0000,0.0000,0,0,多换,B,0.0000,0.0000,0.0000,0.0000,0.0000,0.0000,0.0000,0.0000,0.0000,0.0000,0,0,0,0,0,0,0,0,0,0
zc,ME206,2012-06-11 11:44:01.947,0.0000,0,0,0.0000,0.0000,0,0,多换,B,0.0000,0.0000,0.0000,0.0000,0.0000,0.0000,0.0000,0.0000,0.0000,0.0000,0,0,0,0,0,0,0,0,0,0
zc,ME206,2012-06-11 11:45:01.947,0.0000,0,0,0.0000,0.0000,0,0,多换,B,0.0000,0.0000,0.0000,0.0000,0.0000,0.0000,0.0000,0.0000,0.0000,0.0000,0,0,0,0,0,0,0,0,0,0
zc,ME206,2012-06-11 11:46:01.947,0.0000,0,0,0.0000,0.0000,0,0,多换,B,0.0000,0.0000,0.0000,0.0000,0.0000,0.0000,0.0000,0.0000,0.0000,0.0000,0,0,0,0,0,0,0,0,0,0
zc,ME206,2012-06-11 11:47:01.947,0.0000,0,0,0.0000,0.0000,0,0,多换,B,0.0000,0.0000,0.0000,0.0000,0.0000,0.0000,0.0000,0.0000,0.0000,0.0000,0,0,0,0,0,0,0,0,0,0
zc,ME206,2012-06-11 11:48:01.947,0.0000,0,0,0.0000,0.0000,0,0,多换,B,0.0000,0.0000,0.0000,0.0000,0.0000,0.0000,0.0000,0.0000,0.0000,0.0000,0,0,0,0,0,0,0,0,0,0
zc,ME206,2012-06-11 11:49:01.947,0.0000,0,0,0.0000,0.0000,0,0,多换,B,0.0000,0.0000,0.0000,0.0000,0.0000,0.0000,0.0000,0.0000,0.0000,0.0000,0,0,0,0,0,0,0,0,0,0
zc,ME206,2012-06-11 11:50:01.947,0.0000,0,0,0.0000,0.0000,0,0,多换,B,0.0000,0.0000,0.0000,0.0000,0.0000,0.0000,0.0000,0.0000,0.0000,0.0000,0,0,0,0,0,0,0,0,0,0
zc,ME206,2012-06-11 11:51:01.947,0.0000,0,0,0.0000,0.0000,0,0,多换,B,0.0000,0.0000,0.0000,0.0000,0.0000,0.0000,0.0000,0.0000,0.0000,0.0000,0,0,0,0,0,0,0,0,0,0
zc,ME206,2012-06-11 11:52:01.947,0.0000,0,0,0.0000,0.0000,0,0,多换,B,0.0000,0.0000,0.0000,0.0000,0.0000,0.0000,0.0000,0.0000,0.0000,0.0000,0,0,0,0,0,0,0,0,0,0
zc,ME206,2012-06-11 11:53:01.947,0.0000,0,0,0.0000,0.0000,0,0,多换,B,0.0000,0.0000,0.0000,0.0000,0.0000,0.0000,0.0000,0.0000,0.0000,0.0000,0,0,0,0,0,0,0,0,0,0
zc,ME206,2012-06-11 11:54:01.947,0.0000,0,0,0.0000,0.0000,0,0,多换,B,0.0000,0.0000,0.0000,0.0000,0.0000,0.0000,0.0000,0.0000,0.0000,0.0000,0,0,0,0,0,0,0,0,0,0
zc,ME206,2012-06-11 11:55:01.947,0.0000,0,0,0.0000,0.0000,0,0,多换,B,0.0000,0.0000,0.0000,0.0000,0.0000,0.0000,0.0000,0.0000,0.0000,0.0000,0,0,0,0,0,0,0,0,0,0
zc,ME206,2012-06-11 11:56:01.947,0.0000,0,0,0.0000,0.0000,0,0,多换,B,0.0000,0.0000,0.0000,0.0000,0.0000,0.0000,0.0000,0.0000,0.0000,0.0000,0,0,0,0,0,0,0,0,0,0
zc,ME206,2012-06-11 11:57:01.947,0.0000,0,0,0.0000,0.0000,0,0,多换,B,0.0000,0.0000,0.0000,0.0000,0.0000,0.0000,0.0000,0.0000,0.0000,0.0000,0,0,0,0,0,0,0,0,0,0
zc,ME206,2012-06-11 11:58:01.930,0.0000,0,0,0.0000,0.0000,0,0,多换,B,0.0000,0.0000,0.0000,0.0000,0.0000,0.0000,0.0000,0.0000,0.0000,0.0000,0,0,0,0,0,0,0,0,0,0
zc,ME206,2012-06-11 11:59:01.930,0.0000,0,0,0.0000,0.0000,0,0,多换,B,0.0000,0.0000,0.0000,0.0000,0.0000,0.0000,0.0000,0.0000,0.0000,0.0000,0,0,0,0,0,0,0,0,0,0
zc,ME206,2012-06-11 12:00:01.930,0.0000,0,0,0.0000,0.0000,0,0,多换,B,0.0000,0.0000,0.0000,0.0000,0.0000,0.0000,0.0000,0.0000,0.0000,0.0000,0,0,0,0,0,0,0,0,0,0
zc,ME206,2012-06-11 12:01:01.930,0.0000,0,0,0.0000,0.0000,0,0,多换,B,0.0000,0.0000,0.0000,0.0000,0.0000,0.0000,0.0000,0.0000,0.0000,0.0000,0,0,0,0,0,0,0,0,0,0
zc,ME206,2012-06-11 12:02:01.930,0.0000,0,0,0.0000,0.0000,0,0,多换,B,0.0000,0.0000,0.0000,0.0000,0.0000,0.0000,0.0000,0.0000,0.0000,0.0000,0,0,0,0,0,0,0,0,0,0
zc,ME206,2012-06-11 12:03:01.930,0.0000,0,0,0.0000,0.0000,0,0,多换,B,0.0000,0.0000,0.0000,0.0000,0.0000,0.0000,0.0000,0.0000,0.0000,0.0000,0,0,0,0,0,0,0,0,0,0
zc,ME206,2012-06-11 12:04:01.930,0.0000,0,0,0.0000,0.0000,0,0,多换,B,0.0000,0.0000,0.0000,0.0000,0.0000,0.0000,0.0000,0.0000,0.0000,0.0000,0,0,0,0,0,0,0,0,0,0
zc,ME206,2012-06-11 12:05:01.930,0.0000,0,0,0.0000,0.0000,0,0,多换,B,0.0000,0.0000,0.0000,0.0000,0.0000,0.0000,0.0000,0.0000,0.0000,0.0000,0,0,0,0,0,0,0,0,0,0
zc,ME206,2012-06-11 12:06:01.930,0.0000,0,0,0.0000,0.0000,0,0,多换,B,0.0000,0.0000,0.0000,0.0000,0.0000,0.0000,0.0000,0.0000,0.0000,0.0000,0,0,0,0,0,0,0,0,0,0
zc,ME206,2012-06-11 12:07:01.930,0.0000,0,0,0.0000,0.0000,0,0,多换,B,0.0000,0.0000,0.0000,0.0000,0.0000,0.0000,0.0000,0.0000,0.0000,0.0000,0,0,0,0,0,0,0,0,0,0
zc,ME206,2012-06-11 12:08:01.930,0.0000,0,0,0.0000,0.0000,0,0,多换,B,0.0000,0.0000,0.0000,0.0000,0.0000,0.0000,0.0000,0.0000,0.0000,0.0000,0,0,0,0,0,0,0,0,0,0
zc,ME206,2012-06-11 12:09:01.930,0.0000,0,0,0.0000,0.0000,0,0,多换,B,0.0000,0.0000,0.0000,0.0000,0.0000,0.0000,0.0000,0.0000,0.0000,0.0000,0,0,0,0,0,0,0,0,0,0
zc,ME206,2012-06-11 12:10:01.930,0.0000,0,0,0.0000,0.0000,0,0,多换,B,0.0000,0.0000,0.0000,0.0000,0.0000,0.0000,0.0000,0.0000,0.0000,0.0000,0,0,0,0,0,0,0,0,0,0
zc,ME206,2012-06-11 12:11:01.930,0.0000,0,0,0.0000,0.0000,0,0,多换,B,0.0000,0.0000,0.0000,0.0000,0.0000,0.0000,0.0000,0.0000,0.0000,0.0000,0,0,0,0,0,0,0,0,0,0
zc,ME206,2012-06-11 12:12:01.913,0.0000,0,0,0.0000,0.0000,0,0,多换,B,0.0000,0.0000,0.0000,0.0000,0.0000,0.0000,0.0000,0.0000,0.0000,0.0000,0,0,0,0,0,0,0,0,0,0
zc,ME206,2012-06-11 12:13:01.930,0.0000,0,0,0.0000,0.0000,0,0,多换,B,0.0000,0.0000,0.0000,0.0000,0.0000,0.0000,0.0000,0.0000,0.0000,0.0000,0,0,0,0,0,0,0,0,0,0
zc,ME206,2012-06-11 12:14:01.930,0.0000,0,0,0.0000,0.0000,0,0,多换,B,0.0000,0.0000,0.0000,0.0000,0.0000,0.0000,0.0000,0.0000,0.0000,0.0000,0,0,0,0,0,0,0,0,0,0
zc,ME206,2012-06-11 12:15:01.913,0.0000,0,0,0.0000,0.0000,0,0,多换,B,0.0000,0.0000,0.0000,0.0000,0.0000,0.0000,0.0000,0.0000,0.0000,0.0000,0,0,0,0,0,0,0,0,0,0
zc,ME206,2012-06-11 12:16:01.930,0.0000,0,0,0.0000,0.0000,0,0,多换,B,0.0000,0.0000,0.0000,0.0000,0.0000,0.0000,0.0000,0.0000,0.0000,0.0000,0,0,0,0,0,0,0,0,0,0
zc,ME206,2012-06-11 12:17:01.913,0.0000,0,0,0.0000,0.0000,0,0,多换,B,0.0000,0.0000,0.0000,0.0000,0.0000,0.0000,0.0000,0.0000,0.0000,0.0000,0,0,0,0,0,0,0,0,0,0
zc,ME206,2012-06-11 12:18:01.913,0.0000,0,0,0.0000,0.0000,0,0,多换,B,0.0000,0.0000,0.0000,0.0000,0.0000,0.0000,0.0000,0.0000,0.0000,0.0000,0,0,0,0,0,0,0,0,0,0
zc,ME206,2012-06-11 12:19:01.913,0.0000,0,0,0.0000,0.0000,0,0,多换,B,0.0000,0.0000,0.0000,0.0000,0.0000,0.0000,0.0000,0.0000,0.0000,0.0000,0,0,0,0,0,0,0,0,0,0
zc,ME206,2012-06-11 12:20:01.913,0.0000,0,0,0.0000,0.0000,0,0,多换,B,0.0000,0.0000,0.0000,0.0000,0.0000,0.0000,0.0000,0.0000,0.0000,0.0000,0,0,0,0,0,0,0,0,0,0
zc,ME206,2012-06-11 12:21:01.913,0.0000,0,0,0.0000,0.0000,0,0,多换,B,0.0000,0.0000,0.0000,0.0000,0.0000,0.0000,0.0000,0.0000,0.0000,0.0000,0,0,0,0,0,0,0,0,0,0
zc,ME206,2012-06-11 12:22:01.913,0.0000,0,0,0.0000,0.0000,0,0,多换,B,0.0000,0.0000,0.0000,0.0000,0.0000,0.0000,0.0000,0.0000,0.0000,0.0000,0,0,0,0,0,0,0,0,0,0
zc,ME206,2012-06-11 12:23:01.913,0.0000,0,0,0.0000,0.0000,0,0,多换,B,0.0000,0.0000,0.0000,0.0000,0.0000,0.0000,0.0000,0.0000,0.0000,0.0000,0,0,0,0,0,0,0,0,0,0
zc,ME206,2012-06-11 12:24:01.913,0.0000,0,0,0.0000,0.0000,0,0,多换,B,0.0000,0.0000,0.0000,0.0000,0.0000,0.0000,0.0000,0.0000,0.0000,0.0000,0,0,0,0,0,0,0,0,0,0
zc,ME206,2012-06-11 12:25:01.913,0.0000,0,0,0.0000,0.0000,0,0,多换,B,0.0000,0.0000,0.0000,0.0000,0.0000,0.0000,0.0000,0.0000,0.0000,0.0000,0,0,0,0,0,0,0,0,0,0
zc,ME206,2012-06-11 12:26:01.913,0.0000,0,0,0.0000,0.0000,0,0,多换,B,0.0000,0.0000,0.0000,0.0000,0.0000,0.0000,0.0000,0.0000,0.0000,0.0000,0,0,0,0,0,0,0,0,0,0
zc,ME206,2012-06-11 12:27:01.913,0.0000,0,0,0.0000,0.0000,0,0,多换,B,0.0000,0.0000,0.0000,0.0000,0.0000,0.0000,0.0000,0.0000,0.0000,0.0000,0,0,0,0,0,0,0,0,0,0
zc,ME206,2012-06-11 12:28:01.930,0.0000,0,0,0.0000,0.0000,0,0,多换,B,0.0000,0.0000,0.0000,0.0000,0.0000,0.0000,0.0000,0.0000,0.0000,0.0000,0,0,0,0,0,0,0,0,0,0
zc,ME206,2012-06-11 12:29:01.930,0.0000,0,0,0.0000,0.0000,0,0,多换,B,0.0000,0.0000,0.0000,0.0000,0.0000,0.0000,0.0000,0.0000,0.0000,0.0000,0,0,0,0,0,0,0,0,0,0
zc,ME206,2012-06-11 12:30:01.930,0.0000,0,0,0.0000,0.0000,0,0,多换,B,0.0000,0.0000,0.0000,0.0000,0.0000,0.0000,0.0000,0.0000,0.0000,0.0000,0,0,0,0,0,0,0,0,0,0
zc,ME206,2012-06-11 12:31:01.930,0.0000,0,0,0.0000,0.0000,0,0,多换,B,0.0000,0.0000,0.0000,0.0000,0.0000,0.0000,0.0000,0.0000,0.0000,0.0000,0,0,0,0,0,0,0,0,0,0
zc,ME206,2012-06-11 12:32:01.913,0.0000,0,0,0.0000,0.0000,0,0,多换,B,0.0000,0.0000,0.0000,0.0000,0.0000,0.0000,0.0000,0.0000,0.0000,0.0000,0,0,0,0,0,0,0,0,0,0
zc,ME206,2012-06-11 12:33:01.913,0.0000,0,0,0.0000,0.0000,0,0,多换,B,0.0000,0.0000,0.0000,0.0000,0.0000,0.0000,0.0000,0.0000,0.0000,0.0000,0,0,0,0,0,0,0,0,0,0
zc,ME206,2012-06-11 12:34:01.913,0.0000,0,0,0.0000,0.0000,0,0,多换,B,0.0000,0.0000,0.0000,0.0000,0.0000,0.0000,0.0000,0.0000,0.0000,0.0000,0,0,0,0,0,0,0,0,0,0
zc,ME206,2012-06-11 12:35:01.913,0.0000,0,0,0.0000,0.0000,0,0,多换,B,0.0000,0.0000,0.0000,0.0000,0.0000,0.0000,0.0000,0.0000,0.0000,0.0000,0,0,0,0,0,0,0,0,0,0
zc,ME206,2012-06-11 12:36:01.913,0.0000,0,0,0.0000,0.0000,0,0,多换,B,0.0000,0.0000,0.0000,0.0000,0.0000,0.0000,0.0000,0.0000,0.0000,0.0000,0,0,0,0,0,0,0,0,0,0
zc,ME206,2012-06-11 12:37:01.913,0.0000,0,0,0.0000,0.0000,0,0,多换,B,0.0000,0.0000,0.0000,0.0000,0.0000,0.0000,0.0000,0.0000,0.0000,0.0000,0,0,0,0,0,0,0,0,0,0
zc,ME206,2012-06-11 12:38:01.913,0.0000,0,0,0.0000,0.0000,0,0,多换,B,0.0000,0.0000,0.0000,0.0000,0.0000,0.0000,0.0000,0.0000,0.0000,0.0000,0,0,0,0,0,0,0,0,0,0
zc,ME206,2012-06-11 12:39:01.913,0.0000,0,0,0.0000,0.0000,0,0,多换,B,0.0000,0.0000,0.0000,0.0000,0.0000,0.0000,0.0000,0.0000,0.0000,0.0000,0,0,0,0,0,0,0,0,0,0
zc,ME206,2012-06-11 12:40:01.913,0.0000,0,0,0.0000,0.0000,0,0,多换,B,0.0000,0.0000,0.0000,0.0000,0.0000,0.0000,0.0000,0.0000,0.0000,0.0000,0,0,0,0,0,0,0,0,0,0
zc,ME206,2012-06-11 12:41:01.913,0.0000,0,0,0.0000,0.0000,0,0,多换,B,0.0000,0.0000,0.0000,0.0000,0.0000,0.0000,0.0000,0.0000,0.0000,0.0000,0,0,0,0,0,0,0,0,0,0
zc,ME206,2012-06-11 12:42:01.913,0.0000,0,0,0.0000,0.0000,0,0,多换,B,0.0000,0.0000,0.0000,0.0000,0.0000,0.0000,0.0000,0.0000,0.0000,0.0000,0,0,0,0,0,0,0,0,0,0
zc,ME206,2012-06-11 12:43:01.913,0.0000,0,0,0.0000,0.0000,0,0,多换,B,0.0000,0.0000,0.0000,0.0000,0.0000,0.0000,0.0000,0.0000,0.0000,0.0000,0,0,0,0,0,0,0,0,0,0
zc,ME206,2012-06-11 12:44:01.913,0.0000,0,0,0.0000,0.0000,0,0,多换,B,0.0000,0.0000,0.0000,0.0000,0.0000,0.0000,0.0000,0.0000,0.0000,0.0000,0,0,0,0,0,0,0,0,0,0
zc,ME206,2012-06-11 12:45:01.913,0.0000,0,0,0.0000,0.0000,0,0,多换,B,0.0000,0.0000,0.0000,0.0000,0.0000,0.0000,0.0000,0.0000,0.0000,0.0000,0,0,0,0,0,0,0,0,0,0
zc,ME206,2012-06-11 12:46:01.913,0.0000,0,0,0.0000,0.0000,0,0,多换,B,0.0000,0.0000,0.0000,0.0000,0.0000,0.0000,0.0000,0.0000,0.0000,0.0000,0,0,0,0,0,0,0,0,0,0
zc,ME206,2012-06-11 12:47:01.913,0.0000,0,0,0.0000,0.0000,0,0,多换,B,0.0000,0.0000,0.0000,0.0000,0.0000,0.0000,0.0000,0.0000,0.0000,0.0000,0,0,0,0,0,0,0,0,0,0
zc,ME206,2012-06-11 12:48:01.913,0.0000,0,0,0.0000,0.0000,0,0,多换,B,0.0000,0.0000,0.0000,0.0000,0.0000,0.0000,0.0000,0.0000,0.0000,0.0000,0,0,0,0,0,0,0,0,0,0
zc,ME206,2012-06-11 12:49:01.913,0.0000,0,0,0.0000,0.0000,0,0,多换,B,0.0000,0.0000,0.0000,0.0000,0.0000,0.0000,0.0000,0.0000,0.0000,0.0000,0,0,0,0,0,0,0,0,0,0
zc,ME206,2012-06-11 12:50:01.913,0.0000,0,0,0.0000,0.0000,0,0,多换,B,0.0000,0.0000,0.0000,0.0000,0.0000,0.0000,0.0000,0.0000,0.0000,0.0000,0,0,0,0,0,0,0,0,0,0
zc,ME206,2012-06-11 12:51:01.897,0.0000,0,0,0.0000,0.0000,0,0,多换,B,0.0000,0.0000,0.0000,0.0000,0.0000,0.0000,0.0000,0.0000,0.0000,0.0000,0,0,0,0,0,0,0,0,0,0
zc,ME206,2012-06-11 12:52:01.897,0.0000,0,0,0.0000,0.0000,0,0,多换,B,0.0000,0.0000,0.0000,0.0000,0.0000,0.0000,0.0000,0.0000,0.0000,0.0000,0,0,0,0,0,0,0,0,0,0
zc,ME206,2012-06-11 12:53:01.897,0.0000,0,0,0.0000,0.0000,0,0,多换,B,0.0000,0.0000,0.0000,0.0000,0.0000,0.0000,0.0000,0.0000,0.0000,0.0000,0,0,0,0,0,0,0,0,0,0
zc,ME206,2012-06-11 12:54:01.897,0.0000,0,0,0.0000,0.0000,0,0,多换,B,0.0000,0.0000,0.0000,0.0000,0.0000,0.0000,0.0000,0.0000,0.0000,0.0000,0,0,0,0,0,0,0,0,0,0
zc,ME206,2012-06-11 12:55:01.897,0.0000,0,0,0.0000,0.0000,0,0,多换,B,0.0000,0.0000,0.0000,0.0000,0.0000,0.0000,0.0000,0.0000,0.0000,0.0000,0,0,0,0,0,0,0,0,0,0
zc,ME206,2012-06-11 12:56:01.897,0.0000,0,0,0.0000,0.0000,0,0,多换,B,0.0000,0.0000,0.0000,0.0000,0.0000,0.0000,0.0000,0.0000,0.0000,0.0000,0,0,0,0,0,0,0,0,0,0
zc,ME206,2012-06-11 12:57:01.897,0.0000,0,0,0.0000,0.0000,0,0,多换,B,0.0000,0.0000,0.0000,0.0000,0.0000,0.0000,0.0000,0.0000,0.0000,0.0000,0,0,0,0,0,0,0,0,0,0
zc,ME206,2012-06-11 12:58:01.897,0.0000,0,0,0.0000,0.0000,0,0,多换,B,0.0000,0.0000,0.0000,0.0000,0.0000,0.0000,0.0000,0.0000,0.0000,0.0000,0,0,0,0,0,0,0,0,0,0
zc,ME206,2012-06-11 12:59:01.897,0.0000,0,0,0.0000,0.0000,0,0,多换,B,0.0000,0.0000,0.0000,0.0000,0.0000,0.0000,0.0000,0.0000,0.0000,0.0000,0,0,0,0,0,0,0,0,0,0
zc,ME206,2012-06-11 13:00:01.897,0.0000,0,0,0.0000,0.0000,0,0,多换,B,0.0000,0.0000,0.0000,0.0000,0.0000,0.0000,0.0000,0.0000,0.0000,0.0000,0,0,0,0,0,0,0,0,0,0
zc,ME206,2012-06-11 13:01:01.897,0.0000,0,0,0.0000,0.0000,0,0,多换,B,0.0000,0.0000,0.0000,0.0000,0.0000,0.0000,0.0000,0.0000,0.0000,0.0000,0,0,0,0,0,0,0,0,0,0
zc,ME206,2012-06-11 13:02:01.897,0.0000,0,0,0.0000,0.0000,0,0,多换,B,0.0000,0.0000,0.0000,0.0000,0.0000,0.0000,0.0000,0.0000,0.0000,0.0000,0,0,0,0,0,0,0,0,0,0
zc,ME206,2012-06-11 13:03:01.897,0.0000,0,0,0.0000,0.0000,0,0,多换,B,0.0000,0.0000,0.0000,0.0000,0.0000,0.0000,0.0000,0.0000,0.0000,0.0000,0,0,0,0,0,0,0,0,0,0
zc,ME206,2012-06-11 13:04:01.897,0.0000,0,0,0.0000,0.0000,0,0,多换,B,0.0000,0.0000,0.0000,0.0000,0.0000,0.0000,0.0000,0.0000,0.0000,0.0000,0,0,0,0,0,0,0,0,0,0
zc,ME206,2012-06-11 13:05:01.897,0.0000,0,0,0.0000,0.0000,0,0,多换,B,0.0000,0.0000,0.0000,0.0000,0.0000,0.0000,0.0000,0.0000,0.0000,0.0000,0,0,0,0,0,0,0,0,0,0
zc,ME206,2012-06-11 13:06:01.883,0.0000,0,0,0.0000,0.0000,0,0,多换,B,0.0000,0.0000,0.0000,0.0000,0.0000,0.0000,0.0000,0.0000,0.0000,0.0000,0,0,0,0,0,0,0,0,0,0
zc,ME206,2012-06-11 13:07:01.897,0.0000,0,0,0.0000,0.0000,0,0,多换,B,0.0000,0.0000,0.0000,0.0000,0.0000,0.0000,0.0000,0.0000,0.0000,0.0000,0,0,0,0,0,0,0,0,0,0
zc,ME206,2012-06-11 13:08:01.897,0.0000,0,0,0.0000,0.0000,0,0,多换,B,0.0000,0.0000,0.0000,0.0000,0.0000,0.0000,0.0000,0.0000,0.0000,0.0000,0,0,0,0,0,0,0,0,0,0
zc,ME206,2012-06-11 13:09:01.897,0.0000,0,0,0.0000,0.0000,0,0,多换,B,0.0000,0.0000,0.0000,0.0000,0.0000,0.0000,0.0000,0.0000,0.0000,0.0000,0,0,0,0,0,0,0,0,0,0
zc,ME206,2012-06-11 13:10:01.883,0.0000,0,0,0.0000,0.0000,0,0,多换,B,0.0000,0.0000,0.0000,0.0000,0.0000,0.0000,0.0000,0.0000,0.0000,0.0000,0,0,0,0,0,0,0,0,0,0
zc,ME206,2012-06-11 13:11:01.883,0.0000,0,0,0.0000,0.0000,0,0,多换,B,0.0000,0.0000,0.0000,0.0000,0.0000,0.0000,0.0000,0.0000,0.0000,0.0000,0,0,0,0,0,0,0,0,0,0
zc,ME206,2012-06-11 13:12:01.883,0.0000,0,0,0.0000,0.0000,0,0,多换,B,0.0000,0.0000,0.0000,0.0000,0.0000,0.0000,0.0000,0.0000,0.0000,0.0000,0,0,0,0,0,0,0,0,0,0
zc,ME206,2012-06-11 13:13:01.883,0.0000,0,0,0.0000,0.0000,0,0,多换,B,0.0000,0.0000,0.0000,0.0000,0.0000,0.0000,0.0000,0.0000,0.0000,0.0000,0,0,0,0,0,0,0,0,0,0
zc,ME206,2012-06-11 13:14:01.883,0.0000,0,0,0.0000,0.0000,0,0,多换,B,0.0000,0.0000,0.0000,0.0000,0.0000,0.0000,0.0000,0.0000,0.0000,0.0000,0,0,0,0,0,0,0,0,0,0
zc,ME206,2012-06-11 13:15:01.883,0.0000,0,0,0.0000,0.0000,0,0,多换,B,0.0000,0.0000,0.0000,0.0000,0.0000,0.0000,0.0000,0.0000,0.0000,0.0000,0,0,0,0,0,0,0,0,0,0
zc,ME206,2012-06-11 13:16:01.883,0.0000,0,0,0.0000,0.0000,0,0,多换,B,0.0000,0.0000,0.0000,0.0000,0.0000,0.0000,0.0000,0.0000,0.0000,0.0000,0,0,0,0,0,0,0,0,0,0
zc,ME206,2012-06-11 13:17:01.883,0.0000,0,0,0.0000,0.0000,0,0,多换,B,0.0000,0.0000,0.0000,0.0000,0.0000,0.0000,0.0000,0.0000,0.0000,0.0000,0,0,0,0,0,0,0,0,0,0
zc,ME206,2012-06-11 13:18:01.883,0.0000,0,0,0.0000,0.0000,0,0,多换,B,0.0000,0.0000,0.0000,0.0000,0.0000,0.0000,0.0000,0.0000,0.0000,0.0000,0,0,0,0,0,0,0,0,0,0
zc,ME206,2012-06-11 13:19:01.883,0.0000,0,0,0.0000,0.0000,0,0,多换,B,0.0000,0.0000,0.0000,0.0000,0.0000,0.0000,0.0000,0.0000,0.0000,0.0000,0,0,0,0,0,0,0,0,0,0
zc,ME206,2012-06-11 13:20:01.883,0.0000,0,0,0.0000,0.0000,0,0,多换,B,0.0000,0.0000,0.0000,0.0000,0.0000,0.0000,0.0000,0.0000,0.0000,0.0000,0,0,0,0,0,0,0,0,0,0
zc,ME206,2012-06-11 13:21:01.883,0.0000,0,0,0.0000,0.0000,0,0,多换,B,0.0000,0.0000,0.0000,0.0000,0.0000,0.0000,0.0000,0.0000,0.0000,0.0000,0,0,0,0,0,0,0,0,0,0
zc,ME206,2012-06-11 13:22:01.883,0.0000,0,0,0.0000,0.0000,0,0,多换,B,0.0000,0.0000,0.0000,0.0000,0.0000,0.0000,0.0000,0.0000,0.0000,0.0000,0,0,0,0,0,0,0,0,0,0
zc,ME206,2012-06-11 13:23:01.883,0.0000,0,0,0.0000,0.0000,0,0,多换,B,0.0000,0.0000,0.0000,0.0000,0.0000,0.0000,0.0000,0.0000,0.0000,0.0000,0,0,0,0,0,0,0,0,0,0
zc,ME206,2012-06-11 13:24:01.867,0.0000,0,0,0.0000,0.0000,0,0,多换,B,0.0000,0.0000,0.0000,0.0000,0.0000,0.0000,0.0000,0.0000,0.0000,0.0000,0,0,0,0,0,0,0,0,0,0
zc,ME206,2012-06-11 13:25:01.883,0.0000,0,0,0.0000,0.0000,0,0,多换,B,0.0000,0.0000,0.0000,0.0000,0.0000,0.0000,0.0000,0.0000,0.0000,0.0000,0,0,0,0,0,0,0,0,0,0
zc,ME206,2012-06-11 13:26:01.883,0.0000,0,0,0.0000,0.0000,0,0,多换,B,0.0000,0.0000,0.0000,0.0000,0.0000,0.0000,0.0000,0.0000,0.0000,0.0000,0,0,0,0,0,0,0,0,0,0
zc,ME206,2012-06-11 13:27:01.867,0.0000,0,0,0.0000,0.0000,0,0,多换,B,0.0000,0.0000,0.0000,0.0000,0.0000,0.0000,0.0000,0.0000,0.0000,0.0000,0,0,0,0,0,0,0,0,0,0
zc,ME206,2012-06-11 13:28:01.867,0.0000,0,0,0.0000,0.0000,0,0,多换,B,0.0000,0.0000,0.0000,0.0000,0.0000,0.0000,0.0000,0.0000,0.0000,0.0000,0,0,0,0,0,0,0,0,0,0
zc,ME206,2012-06-11 13:29:01.867,0.0000,0,0,0.0000,0.0000,0,0,多换,B,0.0000,0.0000,0.0000,0.0000,0.0000,0.0000,0.0000,0.0000,0.0000,0.0000,0,0,0,0,0,0,0,0,0,0
zc,ME206,2012-06-11 13:30:01.867,0.0000,0,0,0.0000,0.0000,0,0,多换,B,0.0000,0.0000,0.0000,0.0000,0.0000,0.0000,0.0000,0.0000,0.0000,0.0000,0,0,0,0,0,0,0,0,0,0
zc,ME206,2012-06-11 13:31:01.883,0.0000,0,0,0.0000,0.0000,0,0,多换,B,0.0000,0.0000,0.0000,0.0000,0.0000,0.0000,0.0000,0.0000,0.0000,0.0000,0,0,0,0,0,0,0,0,0,0
zc,ME206,2012-06-11 13:32:01.883,0.0000,0,0,0.0000,0.0000,0,0,多换,B,0.0000,0.0000,0.0000,0.0000,0.0000,0.0000,0.0000,0.0000,0.0000,0.0000,0,0,0,0,0,0,0,0,0,0
zc,ME206,2012-06-11 13:33:01.867,0.0000,0,0,0.0000,0.0000,0,0,多换,B,0.0000,0.0000,0.0000,0.0000,0.0000,0.0000,0.0000,0.0000,0.0000,0.0000,0,0,0,0,0,0,0,0,0,0
zc,ME206,2012-06-11 13:34:01.883,0.0000,0,0,0.0000,0.0000,0,0,多换,B,0.0000,0.0000,0.0000,0.0000,0.0000,0.0000,0.0000,0.0000,0.0000,0.0000,0,0,0,0,0,0,0,0,0,0
zc,ME206,2012-06-11 13:35:01.883,0.0000,0,0,0.0000,0.0000,0,0,多换,B,0.0000,0.0000,0.0000,0.0000,0.0000,0.0000,0.0000,0.0000,0.0000,0.0000,0,0,0,0,0,0,0,0,0,0
zc,ME206,2012-06-11 13:36:01.867,0.0000,0,0,0.0000,0.0000,0,0,多换,B,0.0000,0.0000,0.0000,0.0000,0.0000,0.0000,0.0000,0.0000,0.0000,0.0000,0,0,0,0,0,0,0,0,0,0
zc,ME206,2012-06-11 13:37:01.867,0.0000,0,0,0.0000,0.0000,0,0,多换,B,0.0000,0.0000,0.0000,0.0000,0.0000,0.0000,0.0000,0.0000,0.0000,0.0000,0,0,0,0,0,0,0,0,0,0
zc,ME206,2012-06-11 13:38:01.867,0.0000,0,0,0.0000,0.0000,0,0,多换,B,0.0000,0.0000,0.0000,0.0000,0.0000,0.0000,0.0000,0.0000,0.0000,0.0000,0,0,0,0,0,0,0,0,0,0
zc,ME206,2012-06-11 13:39:01.883,0.0000,0,0,0.0000,0.0000,0,0,多换,B,0.0000,0.0000,0.0000,0.0000,0.0000,0.0000,0.0000,0.0000,0.0000,0.0000,0,0,0,0,0,0,0,0,0,0
zc,ME206,2012-06-11 13:40:01.867,0.0000,0,0,0.0000,0.0000,0,0,多换,B,0.0000,0.0000,0.0000,0.0000,0.0000,0.0000,0.0000,0.0000,0.0000,0.0000,0,0,0,0,0,0,0,0,0,0
zc,ME206,2012-06-11 13:41:01.867,0.0000,0,0,0.0000,0.0000,0,0,多换,B,0.0000,0.0000,0.0000,0.0000,0.0000,0.0000,0.0000,0.0000,0.0000,0.0000,0,0,0,0,0,0,0,0,0,0
zc,ME206,2012-06-11 13:42:01.867,0.0000,0,0,0.0000,0.0000,0,0,多换,B,0.0000,0.0000,0.0000,0.0000,0.0000,0.0000,0.0000,0.0000,0.0000,0.0000,0,0,0,0,0,0,0,0,0,0
zc,ME206,2012-06-11 13:43:01.883,0.0000,0,0,0.0000,0.0000,0,0,多换,B,0.0000,0.0000,0.0000,0.0000,0.0000,0.0000,0.0000,0.0000,0.0000,0.0000,0,0,0,0,0,0,0,0,0,0
zc,ME206,2012-06-11 13:44:01.883,0.0000,0,0,0.0000,0.0000,0,0,多换,B,0.0000,0.0000,0.0000,0.0000,0.0000,0.0000,0.0000,0.0000,0.0000,0.0000,0,0,0,0,0,0,0,0,0,0
zc,ME206,2012-06-11 13:45:01.883,0.0000,0,0,0.0000,0.0000,0,0,多换,B,0.0000,0.0000,0.0000,0.0000,0.0000,0.0000,0.0000,0.0000,0.0000,0.0000,0,0,0,0,0,0,0,0,0,0
zc,ME206,2012-06-11 13:46:01.867,0.0000,0,0,0.0000,0.0000,0,0,多换,B,0.0000,0.0000,0.0000,0.0000,0.0000,0.0000,0.0000,0.0000,0.0000,0.0000,0,0,0,0,0,0,0,0,0,0
zc,ME206,2012-06-11 13:47:01.867,0.0000,0,0,0.0000,0.0000,0,0,多换,B,0.0000,0.0000,0.0000,0.0000,0.0000,0.0000,0.0000,0.0000,0.0000,0.0000,0,0,0,0,0,0,0,0,0,0
zc,ME206,2012-06-11 13:48:01.867,0.0000,0,0,0.0000,0.0000,0,0,多换,B,0.0000,0.0000,0.0000,0.0000,0.0000,0.0000,0.0000,0.0000,0.0000,0.0000,0,0,0,0,0,0,0,0,0,0
zc,ME206,2012-06-11 13:49:01.867,0.0000,0,0,0.0000,0.0000,0,0,多换,B,0.0000,0.0000,0.0000,0.0000,0.0000,0.0000,0.0000,0.0000,0.0000,0.0000,0,0,0,0,0,0,0,0,0,0
zc,ME206,2012-06-11 13:50:01.867,0.0000,0,0,0.0000,0.0000,0,0,多换,B,0.0000,0.0000,0.0000,0.0000,0.0000,0.0000,0.0000,0.0000,0.0000,0.0000,0,0,0,0,0,0,0,0,0,0
zc,ME206,2012-06-11 13:51:01.867,0.0000,0,0,0.0000,0.0000,0,0,多换,B,0.0000,0.0000,0.0000,0.0000,0.0000,0.0000,0.0000,0.0000,0.0000,0.0000,0,0,0,0,0,0,0,0,0,0
zc,ME206,2012-06-11 13:52:01.867,0.0000,0,0,0.0000,0.0000,0,0,多换,B,0.0000,0.0000,0.0000,0.0000,0.0000,0.0000,0.0000,0.0000,0.0000,0.0000,0,0,0,0,0,0,0,0,0,0
zc,ME206,2012-06-11 13:53:01.867,0.0000,0,0,0.0000,0.0000,0,0,多换,B,0.0000,0.0000,0.0000,0.0000,0.0000,0.0000,0.0000,0.0000,0.0000,0.0000,0,0,0,0,0,0,0,0,0,0
zc,ME206,2012-06-11 13:54:01.867,0.0000,0,0,0.0000,0.0000,0,0,多换,B,0.0000,0.0000,0.0000,0.0000,0.0000,0.0000,0.0000,0.0000,0.0000,0.0000,0,0,0,0,0,0,0,0,0,0
zc,ME206,2012-06-11 13:55:01.867,0.0000,0,0,0.0000,0.0000,0,0,多换,B,0.0000,0.0000,0.0000,0.0000,0.0000,0.0000,0.0000,0.0000,0.0000,0.0000,0,0,0,0,0,0,0,0,0,0
zc,ME206,2012-06-11 13:56:01.850,0.0000,0,0,0.0000,0.0000,0,0,多换,B,0.0000,0.0000,0.0000,0.0000,0.0000,0.0000,0.0000,0.0000,0.0000,0.0000,0,0,0,0,0,0,0,0,0,0
zc,ME206,2012-06-11 13:57:01.850,0.0000,0,0,0.0000,0.0000,0,0,多换,B,0.0000,0.0000,0.0000,0.0000,0.0000,0.0000,0.0000,0.0000,0.0000,0.0000,0,0,0,0,0,0,0,0,0,0
zc,ME206,2012-06-11 13:58:01.850,0.0000,0,0,0.0000,0.0000,0,0,多换,B,0.0000,0.0000,0.0000,0.0000,0.0000,0.0000,0.0000,0.0000,0.0000,0.0000,0,0,0,0,0,0,0,0,0,0
zc,ME206,2012-06-11 13:59:01.867,0.0000,0,0,0.0000,0.0000,0,0,多换,B,0.0000,0.0000,0.0000,0.0000,0.0000,0.0000,0.0000,0.0000,0.0000,0.0000,0,0,0,0,0,0,0,0,0,0
zc,ME206,2012-06-11 14:00:01.850,0.0000,0,0,0.0000,0.0000,0,0,多换,B,0.0000,0.0000,0.0000,0.0000,0.0000,0.0000,0.0000,0.0000,0.0000,0.0000,0,0,0,0,0,0,0,0,0,0
zc,ME206,2012-06-11 14:01:01.867,0.0000,0,0,0.0000,0.0000,0,0,多换,B,0.0000,0.0000,0.0000,0.0000,0.0000,0.0000,0.0000,0.0000,0.0000,0.0000,0,0,0,0,0,0,0,0,0,0
zc,ME206,2012-06-11 14:02:01.850,0.0000,0,0,0.0000,0.0000,0,0,多换,B,0.0000,0.0000,0.0000,0.0000,0.0000,0.0000,0.0000,0.0000,0.0000,0.0000,0,0,0,0,0,0,0,0,0,0
zc,ME206,2012-06-11 14:03:01.867,0.0000,0,0,0.0000,0.0000,0,0,多换,B,0.0000,0.0000,0.0000,0.0000,0.0000,0.0000,0.0000,0.0000,0.0000,0.0000,0,0,0,0,0,0,0,0,0,0
zc,ME206,2012-06-11 14:04:01.850,0.0000,0,0,0.0000,0.0000,0,0,多换,B,0.0000,0.0000,0.0000,0.0000,0.0000,0.0000,0.0000,0.0000,0.0000,0.0000,0,0,0,0,0,0,0,0,0,0
zc,ME206,2012-06-11 14:05:01.850,0.0000,0,0,0.0000,0.0000,0,0,多换,B,0.0000,0.0000,0.0000,0.0000,0.0000,0.0000,0.0000,0.0000,0.0000,0.0000,0,0,0,0,0,0,0,0,0,0
zc,ME206,2012-06-11 14:06:01.850,0.0000,0,0,0.0000,0.0000,0,0,多换,B,0.0000,0.0000,0.0000,0.0000,0.0000,0.0000,0.0000,0.0000,0.0000,0.0000,0,0,0,0,0,0,0,0,0,0
zc,ME206,2012-06-11 14:07:01.850,0.0000,0,0,0.0000,0.0000,0,0,多换,B,0.0000,0.0000,0.0000,0.0000,0.0000,0.0000,0.0000,0.0000,0.0000,0.0000,0,0,0,0,0,0,0,0,0,0
zc,ME206,2012-06-11 14:08:01.850,0.0000,0,0,0.0000,0.0000,0,0,多换,B,0.0000,0.0000,0.0000,0.0000,0.0000,0.0000,0.0000,0.0000,0.0000,0.0000,0,0,0,0,0,0,0,0,0,0
zc,ME206,2012-06-11 14:09:01.850,0.0000,0,0,0.0000,0.0000,0,0,多换,B,0.0000,0.0000,0.0000,0.0000,0.0000,0.0000,0.0000,0.0000,0.0000,0.0000,0,0,0,0,0,0,0,0,0,0
zc,ME206,2012-06-11 14:10:01.850,0.0000,0,0,0.0000,0.0000,0,0,多换,B,0.0000,0.0000,0.0000,0.0000,0.0000,0.0000,0.0000,0.0000,0.0000,0.0000,0,0,0,0,0,0,0,0,0,0
zc,ME206,2012-06-11 14:11:01.837,0.0000,0,0,0.0000,0.0000,0,0,多换,B,0.0000,0.0000,0.0000,0.0000,0.0000,0.0000,0.0000,0.0000,0.0000,0.0000,0,0,0,0,0,0,0,0,0,0
zc,ME206,2012-06-11 14:12:01.837,0.0000,0,0,0.0000,0.0000,0,0,多换,B,0.0000,0.0000,0.0000,0.0000,0.0000,0.0000,0.0000,0.0000,0.0000,0.0000,0,0,0,0,0,0,0,0,0,0
zc,ME206,2012-06-11 14:13:01.850,0.0000,0,0,0.0000,0.0000,0,0,多换,B,0.0000,0.0000,0.0000,0.0000,0.0000,0.0000,0.0000,0.0000,0.0000,0.0000,0,0,0,0,0,0,0,0,0,0
zc,ME206,2012-06-11 14:14:01.837,0.0000,0,0,0.0000,0.0000,0,0,多换,B,0.0000,0.0000,0.0000,0.0000,0.0000,0.0000,0.0000,0.0000,0.0000,0.0000,0,0,0,0,0,0,0,0,0,0
zc,ME206,2012-06-11 14:15:01.837,0.0000,0,0,0.0000,0.0000,0,0,多换,B,0.0000,0.0000,0.0000,0.0000,0.0000,0.0000,0.0000,0.0000,0.0000,0.0000,0,0,0,0,0,0,0,0,0,0
zc,ME206,2012-06-11 14:16:01.850,0.0000,0,0,0.0000,0.0000,0,0,多换,B,0.0000,0.0000,0.0000,0.0000,0.0000,0.0000,0.0000,0.0000,0.0000,0.0000,0,0,0,0,0,0,0,0,0,0
zc,ME206,2012-06-11 14:17:01.837,0.0000,0,0,0.0000,0.0000,0,0,多换,B,0.0000,0.0000,0.0000,0.0000,0.0000,0.0000,0.0000,0.0000,0.0000,0.0000,0,0,0,0,0,0,0,0,0,0
zc,ME206,2012-06-11 14:18:01.837,0.0000,0,0,0.0000,0.0000,0,0,多换,B,0.0000,0.0000,0.0000,0.0000,0.0000,0.0000,0.0000,0.0000,0.0000,0.0000,0,0,0,0,0,0,0,0,0,0
zc,ME206,2012-06-11 14:19:01.837,0.0000,0,0,0.0000,0.0000,0,0,多换,B,0.0000,0.0000,0.0000,0.0000,0.0000,0.0000,0.0000,0.0000,0.0000,0.0000,0,0,0,0,0,0,0,0,0,0
zc,ME206,2012-06-11 14:20:01.837,0.0000,0,0,0.0000,0.0000,0,0,多换,B,0.0000,0.0000,0.0000,0.0000,0.0000,0.0000,0.0000,0.0000,0.0000,0.0000,0,0,0,0,0,0,0,0,0,0
zc,ME206,2012-06-11 14:21:01.837,0.0000,0,0,0.0000,0.0000,0,0,多换,B,0.0000,0.0000,0.0000,0.0000,0.0000,0.0000,0.0000,0.0000,0.0000,0.0000,0,0,0,0,0,0,0,0,0,0
zc,ME206,2012-06-11 14:22:01.883,0.0000,0,0,0.0000,0.0000,0,0,多换,B,0.0000,0.0000,0.0000,0.0000,0.0000,0.0000,0.0000,0.0000,0.0000,0.0000,0,0,0,0,0,0,0,0,0,0
zc,ME206,2012-06-11 14:23:01.883,0.0000,0,0,0.0000,0.0000,0,0,多换,B,0.0000,0.0000,0.0000,0.0000,0.0000,0.0000,0.0000,0.0000,0.0000,0.0000,0,0,0,0,0,0,0,0,0,0
zc,ME206,2012-06-11 14:24:01.883,0.0000,0,0,0.0000,0.0000,0,0,多换,B,0.0000,0.0000,0.0000,0.0000,0.0000,0.0000,0.0000,0.0000,0.0000,0.0000,0,0,0,0,0,0,0,0,0,0
zc,ME206,2012-06-11 14:25:01.883,0.0000,0,0,0.0000,0.0000,0,0,多换,B,0.0000,0.0000,0.0000,0.0000,0.0000,0.0000,0.0000,0.0000,0.0000,0.0000,0,0,0,0,0,0,0,0,0,0
zc,ME206,2012-06-11 14:26:01.883,0.0000,0,0,0.0000,0.0000,0,0,多换,B,0.0000,0.0000,0.0000,0.0000,0.0000,0.0000,0.0000,0.0000,0.0000,0.0000,0,0,0,0,0,0,0,0,0,0
zc,ME206,2012-06-11 14:27:01.867,0.0000,0,0,0.0000,0.0000,0,0,多换,B,0.0000,0.0000,0.0000,0.0000,0.0000,0.0000,0.0000,0.0000,0.0000,0.0000,0,0,0,0,0,0,0,0,0,0
zc,ME206,2012-06-11 14:28:01.883,0.0000,0,0,0.0000,0.0000,0,0,多换,B,0.0000,0.0000,0.0000,0.0000,0.0000,0.0000,0.0000,0.0000,0.0000,0.0000,0,0,0,0,0,0,0,0,0,0
zc,ME206,2012-06-11 14:29:01.883,0.0000,0,0,0.0000,0.0000,0,0,多换,B,0.0000,0.0000,0.0000,0.0000,0.0000,0.0000,0.0000,0.0000,0.0000,0.0000,0,0,0,0,0,0,0,0,0,0
zc,ME206,2012-06-11 14:30:01.883,0.0000,0,0,0.0000,0.0000,0,0,多换,B,0.0000,0.0000,0.0000,0.0000,0.0000,0.0000,0.0000,0.0000,0.0000,0.0000,0,0,0,0,0,0,0,0,0,0
zc,ME206,2012-06-11 14:31:01.883,0.0000,0,0,0.0000,0.0000,0,0,多换,B,0.0000,0.0000,0.0000,0.0000,0.0000,0.0000,0.0000,0.0000,0.0000,0.0000,0,0,0,0,0,0,0,0,0,0
zc,ME206,2012-06-11 14:32:01.867,0.0000,0,0,0.0000,0.0000,0,0,多换,B,0.0000,0.0000,0.0000,0.0000,0.0000,0.0000,0.0000,0.0000,0.0000,0.0000,0,0,0,0,0,0,0,0,0,0
zc,ME206,2012-06-11 14:33:01.867,0.0000,0,0,0.0000,0.0000,0,0,多换,B,0.0000,0.0000,0.0000,0.0000,0.0000,0.0000,0.0000,0.0000,0.0000,0.0000,0,0,0,0,0,0,0,0,0,0
zc,ME206,2012-06-11 14:34:01.867,0.0000,0,0,0.0000,0.0000,0,0,多换,B,0.0000,0.0000,0.0000,0.0000,0.0000,0.0000,0.0000,0.0000,0.0000,0.0000,0,0,0,0,0,0,0,0,0,0
zc,ME206,2012-06-11 14:35:01.867,0.0000,0,0,0.0000,0.0000,0,0,多换,B,0.0000,0.0000,0.0000,0.0000,0.0000,0.0000,0.0000,0.0000,0.0000,0.0000,0,0,0,0,0,0,0,0,0,0
zc,ME206,2012-06-11 14:36:01.883,0.0000,0,0,0.0000,0.0000,0,0,多换,B,0.0000,0.0000,0.0000,0.0000,0.0000,0.0000,0.0000,0.0000,0.0000,0.0000,0,0,0,0,0,0,0,0,0,0
zc,ME206,2012-06-11 14:37:01.867,0.0000,0,0,0.0000,0.0000,0,0,多换,B,0.0000,0.0000,0.0000,0.0000,0.0000,0.0000,0.0000,0.0000,0.0000,0.0000,0,0,0,0,0,0,0,0,0,0
zc,ME206,2012-06-11 14:38:01.867,0.0000,0,0,0.0000,0.0000,0,0,多换,B,0.0000,0.0000,0.0000,0.0000,0.0000,0.0000,0.0000,0.0000,0.0000,0.0000,0,0,0,0,0,0,0,0,0,0
zc,ME206,2012-06-11 14:39:01.867,0.0000,0,0,0.0000,0.0000,0,0,多换,B,0.0000,0.0000,0.0000,0.0000,0.0000,0.0000,0.0000,0.0000,0.0000,0.0000,0,0,0,0,0,0,0,0,0,0
zc,ME206,2012-06-11 14:40:01.867,0.0000,0,0,0.0000,0.0000,0,0,多换,B,0.0000,0.0000,0.0000,0.0000,0.0000,0.0000,0.0000,0.0000,0.0000,0.0000,0,0,0,0,0,0,0,0,0,0
zc,ME206,2012-06-11 14:41:01.867,0.0000,0,0,0.0000,0.0000,0,0,多换,B,0.0000,0.0000,0.0000,0.0000,0.0000,0.0000,0.0000,0.0000,0.0000,0.0000,0,0,0,0,0,0,0,0,0,0
zc,ME206,2012-06-11 14:42:01.867,0.0000,0,0,0.0000,0.0000,0,0,多换,B,0.0000,0.0000,0.0000,0.0000,0.0000,0.0000,0.0000,0.0000,0.0000,0.0000,0,0,0,0,0,0,0,0,0,0
zc,ME206,2012-06-11 14:43:01.867,0.0000,0,0,0.0000,0.0000,0,0,多换,B,0.0000,0.0000,0.0000,0.0000,0.0000,0.0000,0.0000,0.0000,0.0000,0.0000,0,0,0,0,0,0,0,0,0,0
zc,ME206,2012-06-11 14:44:01.850,0.0000,0,0,0.0000,0.0000,0,0,多换,B,0.0000,0.0000,0.0000,0.0000,0.0000,0.0000,0.0000,0.0000,0.0000,0.0000,0,0,0,0,0,0,0,0,0,0
zc,ME206,2012-06-11 14:45:01.867,0.0000,0,0,0.0000,0.0000,0,0,多换,B,0.0000,0.0000,0.0000,0.0000,0.0000,0.0000,0.0000,0.0000,0.0000,0.0000,0,0,0,0,0,0,0,0,0,0
zc,ME206,2012-06-11 14:46:01.850,0.0000,0,0,0.0000,0.0000,0,0,多换,B,0.0000,0.0000,0.0000,0.0000,0.0000,0.0000,0.0000,0.0000,0.0000,0.0000,0,0,0,0,0,0,0,0,0,0
zc,ME206,2012-06-11 14:47:01.867,0.0000,0,0,0.0000,0.0000,0,0,多换,B,0.0000,0.0000,0.0000,0.0000,0.0000,0.0000,0.0000,0.0000,0.0000,0.0000,0,0,0,0,0,0,0,0,0,0
zc,ME206,2012-06-11 14:48:01.867,0.0000,0,0,0.0000,0.0000,0,0,多换,B,0.0000,0.0000,0.0000,0.0000,0.0000,0.0000,0.0000,0.0000,0.0000,0.0000,0,0,0,0,0,0,0,0,0,0
zc,ME206,2012-06-11 14:49:01.850,0.0000,0,0,0.0000,0.0000,0,0,多换,B,0.0000,0.0000,0.0000,0.0000,0.0000,0.0000,0.0000,0.0000,0.0000,0.0000,0,0,0,0,0,0,0,0,0,0
zc,ME206,2012-06-11 14:50:01.850,0.0000,0,0,0.0000,0.0000,0,0,多换,B,0.0000,0.0000,0.0000,0.0000,0.0000,0.0000,0.0000,0.0000,0.0000,0.0000,0,0,0,0,0,0,0,0,0,0
zc,ME206,2012-06-11 14:51:01.867,0.0000,0,0,0.0000,0.0000,0,0,多换,B,0.0000,0.0000,0.0000,0.0000,0.0000,0.0000,0.0000,0.0000,0.0000,0.0000,0,0,0,0,0,0,0,0,0,0
zc,ME206,2012-06-11 14:52:01.867,0.0000,0,0,0.0000,0.0000,0,0,多换,B,0.0000,0.0000,0.0000,0.0000,0.0000,0.0000,0.0000,0.0000,0.0000,0.0000,0,0,0,0,0,0,0,0,0,0
zc,ME206,2012-06-11 14:53:01.867,0.0000,0,0,0.0000,0.0000,0,0,多换,B,0.0000,0.0000,0.0000,0.0000,0.0000,0.0000,0.0000,0.0000,0.0000,0.0000,0,0,0,0,0,0,0,0,0,0
zc,ME206,2012-06-11 14:54:01.850,0.0000,0,0,0.0000,0.0000,0,0,多换,B,0.0000,0.0000,0.0000,0.0000,0.0000,0.0000,0.0000,0.0000,0.0000,0.0000,0,0,0,0,0,0,0,0,0,0
zc,ME206,2012-06-11 14:55:01.850,0.0000,0,0,0.0000,0.0000,0,0,多换,B,0.0000,0.0000,0.0000,0.0000,0.0000,0.0000,0.0000,0.0000,0.0000,0.0000,0,0,0,0,0,0,0,0,0,0
zc,ME206,2012-06-11 14:56:01.850,0.0000,0,0,0.0000,0.0000,0,0,多换,B,0.0000,0.0000,0.0000,0.0000,0.0000,0.0000,0.0000,0.0000,0.0000,0.0000,0,0,0,0,0,0,0,0,0,0
zc,ME206,2012-06-11 14:57:01.867,0.0000,0,0,0.0000,0.0000,0,0,多换,B,0.0000,0.0000,0.0000,0.0000,0.0000,0.0000,0.0000,0.0000,0.0000,0.0000,0,0,0,0,0,0,0,0,0,0
zc,ME206,2012-06-11 14:58:01.850,0.0000,0,0,0.0000,0.0000,0,0,多换,B,0.0000,0.0000,0.0000,0.0000,0.0000,0.0000,0.0000,0.0000,0.0000,0.0000,0,0,0,0,0,0,0,0,0,0
zc,ME206,2012-06-11 14:59:01.850,0.0000,0,0,0.0000,0.0000,0,0,多换,B,0.0000,0.0000,0.0000,0.0000,0.0000,0.0000,0.0000,0.0000,0.0000,0.0000,0,0,0,0,0,0,0,0,0,0
zc,ME206,2012-06-11 15:00:01.850,0.0000,0,0,0.0000,0.0000,0,0,多换,B,0.0000,0.0000,0.0000,0.0000,0.0000,0.0000,0.0000,0.0000,0.0000,0.0000,0,0,0,0,0,0,0,0,0,0
zc,ME206,2012-06-11 15:00:05.600,0.0000,0,0,0.0000,0.0000,0,0,多换,B,0.0000,0.0000,0.0000,0.0000,0.0000,0.0000,0.0000,0.0000,0.0000,0.0000,0,0,0,0,0,0,0,0,0,0
zc,ME206,2012-06-11 15:01:01.850,0.0000,0,0,0.0000,0.0000,0,0,多换,B,0.0000,0.0000,0.0000,0.0000,0.0000,0.0000,0.0000,0.0000,0.0000,0.0000,0,0,0,0,0,0,0,0,0,0
zc,ME206,2012-06-11 15:02:01.850,0.0000,0,0,0.0000,0.0000,0,0,多换,B,0.0000,0.0000,0.0000,0.0000,0.0000,0.0000,0.0000,0.0000,0.0000,0.0000,0,0,0,0,0,0,0,0,0,0
zc,ME206,2012-06-11 15:03:01.837,0.0000,0,0,0.0000,0.0000,0,0,多换,B,0.0000,0.0000,0.0000,0.0000,0.0000,0.0000,0.0000,0.0000,0.0000,0.0000,0,0,0,0,0,0,0,0,0,0
zc,ME206,2012-06-11 15:04:01.837,0.0000,0,0,0.0000,0.0000,0,0,多换,B,0.0000,0.0000,0.0000,0.0000,0.0000,0.0000,0.0000,0.0000,0.0000,0.0000,0,0,0,0,0,0,0,0,0,0
zc,ME206,2012-06-11 15:05:01.837,0.0000,0,0,0.0000,0.0000,0,0,多换,B,0.0000,0.0000,0.0000,0.0000,0.0000,0.0000,0.0000,0.0000,0.0000,0.0000,0,0,0,0,0,0,0,0,0,0
zc,ME206,2012-06-11 15:06:01.837,0.0000,0,0,0.0000,0.0000,0,0,多换,B,0.0000,0.0000,0.0000,0.0000,0.0000,0.0000,0.0000,0.0000,0.0000,0.0000,0,0,0,0,0,0,0,0,0,0
zc,ME206,2012-06-11 15:07:01.837,0.0000,0,0,0.0000,0.0000,0,0,多换,B,0.0000,0.0000,0.0000,0.0000,0.0000,0.0000,0.0000,0.0000,0.0000,0.0000,0,0,0,0,0,0,0,0,0,0
zc,ME206,2012-06-11 15:08:01.837,0.0000,0,0,0.0000,0.0000,0,0,多换,B,0.0000,0.0000,0.0000,0.0000,0.0000,0.0000,0.0000,0.0000,0.0000,0.0000,0,0,0,0,0,0,0,0,0,0
zc,ME206,2012-06-11 15:09:01.837,0.0000,0,0,0.0000,0.0000,0,0,多换,B,0.0000,0.0000,0.0000,0.0000,0.0000,0.0000,0.0000,0.0000,0.0000,0.0000,0,0,0,0,0,0,0,0,0,0
zc,ME206,2012-06-11 15:10:01.837,0.0000,0,0,0.0000,0.0000,0,0,多换,B,0.0000,0.0000,0.0000,0.0000,0.0000,0.0000,0.0000,0.0000,0.0000,0.0000,0,0,0,0,0,0,0,0,0,0
zc,ME206,2012-06-11 15:11:01.837,0.0000,0,0,0.0000,0.0000,0,0,多换,B,0.0000,0.0000,0.0000,0.0000,0.0000,0.0000,0.0000,0.0000,0.0000,0.0000,0,0,0,0,0,0,0,0,0,0
zc,ME206,2012-06-11 15:12:01.820,0.0000,0,0,0.0000,0.0000,0,0,多换,B,0.0000,0.0000,0.0000,0.0000,0.0000,0.0000,0.0000,0.0000,0.0000,0.0000,0,0,0,0,0,0,0,0,0,0
zc,ME206,2012-06-11 15:13:01.837,0.0000,0,0,0.0000,0.0000,0,0,多换,B,0.0000,0.0000,0.0000,0.0000,0.0000,0.0000,0.0000,0.0000,0.0000,0.0000,0,0,0,0,0,0,0,0,0,0
zc,ME206,2012-06-11 15:14:01.820,0.0000,0,0,0.0000,0.0000,0,0,多换,B,0.0000,0.0000,0.0000,0.0000,0.0000,0.0000,0.0000,0.0000,0.0000,0.0000,0,0,0,0,0,0,0,0,0,0
zc,ME206,2012-06-11 15:15:01.820,0.0000,0,0,0.0000,0.0000,0,0,多换,B,0.0000,0.0000,0.0000,0.0000,0.0000,0.0000,0.0000,0.0000,0.0000,0.0000,0,0,0,0,0,0,0,0,0,0
zc,ME206,2012-06-11 15:16:01.820,0.0000,0,0,0.0000,0.0000,0,0,多换,B,0.0000,0.0000,0.0000,0.0000,0.0000,0.0000,0.0000,0.0000,0.0000,0.0000,0,0,0,0,0,0,0,0,0,0
zc,ME206,2012-06-11 15:17:01.820,0.0000,0,0,0.0000,0.0000,0,0,多换,B,0.0000,0.0000,0.0000,0.0000,0.0000,0.0000,0.0000,0.0000,0.0000,0.0000,0,0,0,0,0,0,0,0,0,0
zc,ME206,2012-06-11 15:18:01.820,0.0000,0,0,0.0000,0.0000,0,0,多换,B,0.0000,0.0000,0.0000,0.0000,0.0000,0.0000,0.0000,0.0000,0.0000,0.0000,0,0,0,0,0,0,0,0,0,0
zc,ME206,2012-06-11 15:19:01.820,0.0000,0,0,0.0000,0.0000,0,0,多换,B,0.0000,0.0000,0.0000,0.0000,0.0000,0.0000,0.0000,0.0000,0.0000,0.0000,0,0,0,0,0,0,0,0,0,0
zc,ME206,2012-06-11 15:20:01.820,0.0000,0,0,0.0000,0.0000,0,0,多换,B,0.0000,0.0000,0.0000,0.0000,0.0000,0.0000,0.0000,0.0000,0.0000,0.0000,0,0,0,0,0,0,0,0,0,0
zc,ME206,2012-06-11 15:21:01.820,0.0000,0,0,0.0000,0.0000,0,0,多换,B,0.0000,0.0000,0.0000,0.0000,0.0000,0.0000,0.0000,0.0000,0.0000,0.0000,0,0,0,0,0,0,0,0,0,0
zc,ME206,2012-06-11 15:22:01.820,0.0000,0,0,0.0000,0.0000,0,0,多换,B,0.0000,0.0000,0.0000,0.0000,0.0000,0.0000,0.0000,0.0000,0.0000,0.0000,0,0,0,0,0,0,0,0,0,0
zc,ME206,2012-06-11 15:23:01.820,0.0000,0,0,0.0000,0.0000,0,0,多换,B,0.0000,0.0000,0.0000,0.0000,0.0000,0.0000,0.0000,0.0000,0.0000,0.0000,0,0,0,0,0,0,0,0,0,0
zc,ME206,2012-06-11 15:24:01.820,0.0000,0,0,0.0000,0.0000,0,0,多换,B,0.0000,0.0000,0.0000,0.0000,0.0000,0.0000,0.0000,0.0000,0.0000,0.0000,0,0,0,0,0,0,0,0,0,0
zc,ME206,2012-06-11 15:25:01.820,0.0000,0,0,0.0000,0.0000,0,0,多换,B,0.0000,0.0000,0.0000,0.0000,0.0000,0.0000,0.0000,0.0000,0.0000,0.0000,0,0,0,0,0,0,0,0,0,0
zc,ME206,2012-06-11 15:26:01.820,0.0000,0,0,0.0000,0.0000,0,0,多换,B,0.0000,0.0000,0.0000,0.0000,0.0000,0.0000,0.0000,0.0000,0.0000,0.0000,0,0,0,0,0,0,0,0,0,0
zc,ME206,2012-06-11 15:27:01.820,0.0000,0,0,0.0000,0.0000,0,0,多换,B,0.0000,0.0000,0.0000,0.0000,0.0000,0.0000,0.0000,0.0000,0.0000,0.0000,0,0,0,0,0,0,0,0,0,0
zc,ME206,2012-06-11 15:28:01.820,0.0000,0,0,0.0000,0.0000,0,0,多换,B,0.0000,0.0000,0.0000,0.0000,0.0000,0.0000,0.0000,0.0000,0.0000,0.0000,0,0,0,0,0,0,0,0,0,0
zc,ME206,2012-06-11 15:29:01.820,0.0000,0,0,0.0000,0.0000,0,0,多换,B,0.0000,0.0000,0.0000,0.0000,0.0000,0.0000,0.0000,0.0000,0.0000,0.0000,0,0,0,0,0,0,0,0,0,0
zc,ME206,2012-06-11 15:30:01.820,0.0000,0,0,0.0000,0.0000,0,0,多换,B,0.0000,0.0000,0.0000,0.0000,0.0000,0.0000,0.0000,0.0000,0.0000,0.0000,0,0,0,0,0,0,0,0,0,0
zc,ME206,2012-06-11 15:31:01.803,0.0000,0,0,0.0000,0.0000,0,0,多换,B,0.0000,0.0000,0.0000,0.0000,0.0000,0.0000,0.0000,0.0000,0.0000,0.0000,0,0,0,0,0,0,0,0,0,0
zc,ME206,2012-06-11 15:32:01.820,0.0000,0,0,0.0000,0.0000,0,0,多换,B,0.0000,0.0000,0.0000,0.0000,0.0000,0.0000,0.0000,0.0000,0.0000,0.0000,0,0,0,0,0,0,0,0,0,0
zc,ME206,2012-06-11 15:33:01.803,0.0000,0,0,0.0000,0.0000,0,0,多换,B,0.0000,0.0000,0.0000,0.0000,0.0000,0.0000,0.0000,0.0000,0.0000,0.0000,0,0,0,0,0,0,0,0,0,0
zc,ME206,2012-06-11 15:34:01.803,0.0000,0,0,0.0000,0.0000,0,0,多换,B,0.0000,0.0000,0.0000,0.0000,0.0000,0.0000,0.0000,0.0000,0.0000,0.0000,0,0,0,0,0,0,0,0,0,0
zc,ME206,2012-06-11 15:35:01.803,0.0000,0,0,0.0000,0.0000,0,0,多换,B,0.0000,0.0000,0.0000,0.0000,0.0000,0.0000,0.0000,0.0000,0.0000,0.0000,0,0,0,0,0,0,0,0,0,0
zc,ME206,2012-06-11 15:36:01.803,0.0000,0,0,0.0000,0.0000,0,0,多换,B,0.0000,0.0000,0.0000,0.0000,0.0000,0.0000,0.0000,0.0000,0.0000,0.0000,0,0,0,0,0,0,0,0,0,0
zc,ME206,2012-06-11 15:37:01.803,0.0000,0,0,0.0000,0.0000,0,0,多换,B,0.0000,0.0000,0.0000,0.0000,0.0000,0.0000,0.0000,0.0000,0.0000,0.0000,0,0,0,0,0,0,0,0,0,0
zc,ME206,2012-06-11 15:38:01.803,0.0000,0,0,0.0000,0.0000,0,0,多换,B,0.0000,0.0000,0.0000,0.0000,0.0000,0.0000,0.0000,0.0000,0.0000,0.0000,0,0,0,0,0,0,0,0,0,0
zc,ME206,2012-06-11 15:39:01.803,0.0000,0,0,0.0000,0.0000,0,0,多换,B,0.0000,0.0000,0.0000,0.0000,0.0000,0.0000,0.0000,0.0000,0.0000,0.0000,0,0,0,0,0,0,0,0,0,0
zc,ME206,2012-06-11 15:40:01.803,0.0000,0,0,0.0000,0.0000,0,0,多换,B,0.0000,0.0000,0.0000,0.0000,0.0000,0.0000,0.0000,0.0000,0.0000,0.0000,0,0,0,0,0,0,0,0,0,0
zc,ME206,2012-06-11 15:41:01.803,0.0000,0,0,0.0000,0.0000,0,0,多换,B,0.0000,0.0000,0.0000,0.0000,0.0000,0.0000,0.0000,0.0000,0.0000,0.0000,0,0,0,0,0,0,0,0,0,0
zc,ME206,2012-06-11 15:42:01.803,0.0000,0,0,0.0000,0.0000,0,0,多换,B,0.0000,0.0000,0.0000,0.0000,0.0000,0.0000,0.0000,0.0000,0.0000,0.0000,0,0,0,0,0,0,0,0,0,0
zc,ME206,2012-06-11 15:43:01.803,0.0000,0,0,0.0000,0.0000,0,0,多换,B,0.0000,0.0000,0.0000,0.0000,0.0000,0.0000,0.0000,0.0000,0.0000,0.0000,0,0,0,0,0,0,0,0,0,0
zc,ME206,2012-06-11 15:44:01.803,0.0000,0,0,0.0000,0.0000,0,0,多换,B,0.0000,0.0000,0.0000,0.0000,0.0000,0.0000,0.0000,0.0000,0.0000,0.0000,0,0,0,0,0,0,0,0,0,0
zc,ME206,2012-06-11 15:45:02.303,0.0000,0,0,0.0000,0.0000,0,0,多换,B,0.0000,0.0000,0.0000,0.0000,0.0000,0.0000,0.0000,0.0000,0.0000,0.0000,0,0,0,0,0,0,0,0,0,0
zc,ME206,2012-06-11 15:46:01.803,0.0000,0,0,0.0000,0.0000,0,0,多换,B,0.0000,0.0000,0.0000,0.0000,0.0000,0.0000,0.0000,0.0000,0.0000,0.0000,0,0,0,0,0,0,0,0,0,0
zc,ME206,2012-06-11 15:47:01.803,0.0000,0,0,0.0000,0.0000,0,0,多换,B,0.0000,0.0000,0.0000,0.0000,0.0000,0.0000,0.0000,0.0000,0.0000,0.0000,0,0,0,0,0,0,0,0,0,0
zc,ME206,2012-06-11 15:48:02.287,0.0000,0,0,0.0000,0.0000,0,0,多换,B,0.0000,0.0000,0.0000,0.0000,0.0000,0.0000,0.0000,0.0000,0.0000,0.0000,0,0,0,0,0,0,0,0,0,0
zc,ME206,2012-06-11 15:49:01.803,0.0000,0,0,0.0000,0.0000,0,0,多换,B,0.0000,0.0000,0.0000,0.0000,0.0000,0.0000,0.0000,0.0000,0.0000,0.0000,0,0,0,0,0,0,0,0,0,0
zc,ME206,2012-06-11 15:50:01.803,0.0000,0,0,0.0000,0.0000,0,0,多换,B,0.0000,0.0000,0.0000,0.0000,0.0000,0.0000,0.0000,0.0000,0.0000,0.0000,0,0,0,0,0,0,0,0,0,0
zc,ME206,2012-06-11 15:51:01.787,0.0000,0,0,0.0000,0.0000,0,0,多换,B,0.0000,0.0000,0.0000,0.0000,0.0000,0.0000,0.0000,0.0000,0.0000,0.0000,0,0,0,0,0,0,0,0,0,0
zc,ME206,2012-06-11 15:52:01.803,0.0000,0,0,0.0000,0.0000,0,0,多换,B,0.0000,0.0000,0.0000,0.0000,0.0000,0.0000,0.0000,0.0000,0.0000,0.0000,0,0,0,0,0,0,0,0,0,0
zc,ME206,2012-06-11 15:53:01.787,0.0000,0,0,0.0000,0.0000,0,0,多换,B,0.0000,0.0000,0.0000,0.0000,0.0000,0.0000,0.0000,0.0000,0.0000,0.0000,0,0,0,0,0,0,0,0,0,0
zc,ME206,2012-06-11 15:54:01.787,0.0000,0,0,0.0000,0.0000,0,0,多换,B,0.0000,0.0000,0.0000,0.0000,0.0000,0.0000,0.0000,0.0000,0.0000,0.0000,0,0,0,0,0,0,0,0,0,0
zc,ME206,2012-06-11 15:55:01.787,0.0000,0,0,0.0000,0.0000,0,0,多换,B,0.0000,0.0000,0.0000,0.0000,0.0000,0.0000,0.0000,0.0000,0.0000,0.0000,0,0,0,0,0,0,0,0,0,0
zc,ME206,2012-06-11 15:56:01.787,0.0000,0,0,0.0000,0.0000,0,0,多换,B,0.0000,0.0000,0.0000,0.0000,0.0000,0.0000,0.0000,0.0000,0.0000,0.0000,0,0,0,0,0,0,0,0,0,0
zc,ME206,2012-06-11 15:57:01.787,0.0000,0,0,0.0000,0.0000,0,0,多换,B,0.0000,0.0000,0.0000,0.0000,0.0000,0.0000,0.0000,0.0000,0.0000,0.0000,0,0,0,0,0,0,0,0,0,0
zc,ME206,2012-06-11 15:58:01.787,0.0000,0,0,0.0000,0.0000,0,0,多换,B,0.0000,0.0000,0.0000,0.0000,0.0000,0.0000,0.0000,0.0000,0.0000,0.0000,0,0,0,0,0,0,0,0,0,0
zc,ME206,2012-06-11 15:59:01.787,0.0000,0,0,0.0000,0.0000,0,0,多换,B,0.0000,0.0000,0.0000,0.0000,0.0000,0.0000,0.0000,0.0000,0.0000,0.0000,0,0,0,0,0,0,0,0,0,0
